2013.06.04 19:00:00.607,13.9862,13.9892,0.00,0.00
2013.06.04 19:00:00.666,13.98585,13.98886,0.00,0.00
2013.06.04 19:00:00.879,13.9862,13.98945,0.00,0.00
2013.06.04 19:00:01.622,13.9862,13.98947,0.00,0.00
2013.06.04 19:00:02.798,13.9862,13.98929,0.00,0.00
2013.06.04 19:00:03.234,13.9862,13.98948,0.00,0.00
2013.06.04 19:00:03.693,13.9862,13.98939,0.00,0.00
2013.06.04 19:00:04.977,13.9862,13.98948,0.00,0.00
2013.06.04 19:00:05.395,13.9857,13.9893,0.00,0.00
2013.06.04 19:00:05.747,13.98584,13.9893,0.00,0.00
2013.06.04 19:00:08.098,13.98584,13.98888,0.00,0.00
2013.06.04 19:00:08.155,13.98566,13.9888,0.00,0.00
2013.06.04 19:00:08.375,13.98527,13.9888,0.00,0.00
2013.06.04 19:00:13.335,13.98545,13.9888,0.00,0.00
2013.06.04 19:00:13.855,13.98546,13.9888,0.00,0.00
2013.06.04 19:00:14.340,13.98526,13.9888,0.00,0.00
2013.06.04 19:00:15.004,13.9852,13.98875,0.00,0.00
2013.06.04 19:00:15.747,13.98521,13.9888,0.00,0.00
2013.06.04 19:00:16.094,13.9852,13.98845,0.00,0.00
2013.06.04 19:00:16.765,13.9852,13.98859,0.00,0.00
2013.06.04 19:00:19.396,13.9852,13.98845,0.00,0.00
2013.06.04 19:00:20.497,13.98552,13.98853,0.00,0.00
2013.06.04 19:00:20.697,13.9862,13.98952,0.00,0.00
2013.06.04 19:00:20.875,13.98576,13.9893,0.00,0.00
2013.06.04 19:00:21.476,13.98586,13.9893,0.00,0.00
2013.06.04 19:00:22.762,13.98573,13.9893,0.00,0.00
2013.06.04 19:00:23.156,13.98603,13.9893,0.00,0.00
2013.06.04 19:00:28.111,13.98617,13.9893,0.00,0.00
2013.06.04 19:00:30.537,13.98592,13.9893,0.00,0.00
2013.06.04 19:00:31.696,13.9863,13.9893,0.00,0.00
2013.06.04 19:00:31.815,13.9863,13.9898,0.00,0.00
2013.06.04 19:00:31.935,13.9865,13.9898,0.00,0.00
2013.06.04 19:00:32.926,13.9862,13.9898,0.00,0.00
2013.06.04 19:00:34.067,13.98611,13.9893,0.00,0.00
2013.06.04 19:00:34.415,13.9857,13.98914,0.00,0.00
2013.06.04 19:00:37.339,13.9857,13.98928,0.00,0.00
2013.06.04 19:00:47.806,13.9862,13.98956,0.00,0.00
2013.06.04 19:00:48.506,13.9862,13.98948,0.00,0.00
2013.06.04 19:00:48.857,13.9862,13.98948,0.00,0.00
2013.06.04 19:00:49.240,13.9866,13.98961,0.00,0.00
2013.06.04 19:00:49.455,13.98665,13.98969,0.00,0.00
2013.06.04 19:00:49.515,13.9867,13.98999,0.00,0.00
2013.06.04 19:00:55.706,13.9862,13.98948,0.00,0.00
2013.06.04 19:01:02.416,13.98585,13.98889,0.00,0.00
2013.06.04 19:01:02.475,13.98568,13.9888,0.00,0.00
2013.06.04 19:01:02.535,13.9852,13.98872,0.00,0.00
2013.06.04 19:01:02.918,13.9852,13.98853,0.00,0.00
2013.06.04 19:01:10.665,13.9852,13.98864,0.00,0.00
2013.06.04 19:01:25.337,13.9852,13.98853,0.00,0.00
2013.06.04 19:01:29.836,13.9852,13.98873,0.00,0.00
2013.06.04 19:01:30.847,13.9861,13.98911,0.00,0.00
2013.06.04 19:01:31.096,13.9862,13.98932,0.00,0.00
2013.06.04 19:01:31.156,13.9862,13.98968,0.00,0.00
2013.06.04 19:01:31.917,13.9862,13.9895,0.00,0.00
2013.06.04 19:01:40.678,13.98549,13.98853,0.00,0.00
2013.06.04 19:01:40.866,13.9852,13.98848,0.00,0.00
2013.06.04 19:01:46.686,13.9857,13.9887,0.00,0.00
2013.06.04 19:01:46.866,13.9857,13.98883,0.00,0.00
2013.06.04 19:01:47.037,13.9857,13.98922,0.00,0.00
2013.06.04 19:01:47.386,13.98548,13.98848,0.00,0.00
2013.06.04 19:01:47.446,13.9852,13.98881,0.00,0.00
2013.06.04 19:01:47.587,13.9852,13.9886,0.00,0.00
2013.06.04 19:01:49.106,13.9857,13.98871,0.00,0.00
2013.06.04 19:01:49.366,13.9857,13.98922,0.00,0.00
2013.06.04 19:01:50.026,13.9862,13.98939,0.00,0.00
2013.06.04 19:01:50.553,13.9862,13.98948,0.00,0.00
2013.06.04 19:01:56.999,13.9862,13.9898,0.00,0.00
2013.06.04 19:02:17.336,13.9867,13.98991,0.00,0.00
2013.06.04 19:02:17.641,13.9867,13.9903,0.00,0.00
2013.06.04 19:02:18.318,13.9872,13.99047,0.00,0.00
2013.06.04 19:02:19.315,13.9872,13.99056,0.00,0.00
2013.06.04 19:02:19.664,13.9872,13.99039,0.00,0.00
2013.06.04 19:02:20.423,13.9872,13.99027,0.00,0.00
2013.06.04 19:02:21.695,13.98648,13.98948,0.00,0.00
2013.06.04 19:02:21.956,13.9852,13.98875,0.00,0.00
2013.06.04 19:02:28.326,13.9857,13.9893,0.00,0.00
2013.06.04 19:02:33.076,13.98588,13.9893,0.00,0.00
2013.06.04 19:02:48.315,13.9862,13.98968,0.00,0.00
2013.06.04 19:02:49.019,13.9862,13.98944,0.00,0.00
2013.06.04 19:02:50.906,13.9862,13.9898,0.00,0.00
2013.06.04 19:02:52.578,13.98448,13.98748,0.00,0.00
2013.06.04 19:02:52.706,13.9842,13.98729,0.00,0.00
2013.06.04 19:02:52.906,13.9842,13.98746,0.00,0.00
2013.06.04 19:02:56.694,13.9842,13.98727,0.00,0.00
2013.06.04 19:02:57.027,13.9822,13.98548,0.00,0.00
2013.06.04 19:02:57.439,13.9822,13.98568,0.00,0.00
2013.06.04 19:03:00.586,13.9822,13.98579,0.00,0.00
2013.06.04 19:03:02.373,13.9822,13.9856,0.00,0.00
2013.06.04 19:03:03.827,13.9822,13.98578,0.00,0.00
2013.06.04 19:03:06.526,13.98223,13.9858,0.00,0.00
2013.06.04 19:03:06.866,13.9822,13.9857,0.00,0.00
2013.06.04 19:03:08.477,13.9819,13.9849,0.00,0.00
2013.06.04 19:03:08.608,13.98123,13.9848,0.00,0.00
2013.06.04 19:03:21.576,13.9826,13.98561,0.00,0.00
2013.06.04 19:03:21.747,13.98265,13.98569,0.00,0.00
2013.06.04 19:03:21.866,13.98279,13.9863,0.00,0.00
2013.06.04 19:03:33.549,13.9827,13.9863,0.00,0.00
2013.06.04 19:03:33.906,13.9832,13.9866,0.00,0.00
2013.06.04 19:03:34.209,13.98277,13.9863,0.00,0.00
2013.06.04 19:03:35.008,13.9842,13.9872,0.00,0.00
2013.06.04 19:03:35.126,13.98367,13.98668,0.00,0.00
2013.06.04 19:03:35.256,13.98382,13.98682,0.00,0.00
2013.06.04 19:03:35.357,13.9842,13.98721,0.00,0.00
2013.06.04 19:03:36.216,13.9842,13.98746,0.00,0.00
2013.06.04 19:03:36.436,13.9842,13.98728,0.00,0.00
2013.06.04 19:03:45.906,13.98331,13.9868,0.00,0.00
2013.06.04 19:03:51.566,13.9837,13.9868,0.00,0.00
2013.06.04 19:03:55.326,13.9837,13.98701,0.00,0.00
2013.06.04 19:03:55.905,13.9841,13.98711,0.00,0.00
2013.06.04 19:03:56.050,13.9842,13.98754,0.00,0.00
2013.06.04 19:04:00.834,13.9837,13.98691,0.00,0.00
2013.06.04 19:04:03.776,13.9841,13.98711,0.00,0.00
2013.06.04 19:04:03.836,13.9842,13.98748,0.00,0.00
2013.06.04 19:04:11.898,13.9842,13.98754,0.00,0.00
2013.06.04 19:04:25.656,13.9852,13.9882,0.00,0.00
2013.06.04 19:04:25.776,13.9846,13.9876,0.00,0.00
2013.06.04 19:04:25.896,13.9842,13.98764,0.00,0.00
2013.06.04 19:04:26.018,13.9842,13.98748,0.00,0.00
2013.06.04 19:04:26.367,13.9847,13.98778,0.00,0.00
2013.06.04 19:04:26.718,13.9847,13.98817,0.00,0.00
2013.06.04 19:04:27.322,13.9847,13.98827,0.00,0.00
2013.06.04 19:04:32.611,13.98448,13.98748,0.00,0.00
2013.06.04 19:04:32.736,13.9842,13.98758,0.00,0.00
2013.06.04 19:04:32.887,13.9842,13.98748,0.00,0.00
2013.06.04 19:04:33.596,13.9842,13.98766,0.00,0.00
2013.06.04 19:04:35.647,13.9847,13.98771,0.00,0.00
2013.06.04 19:04:35.936,13.9847,13.98776,0.00,0.00
2013.06.04 19:04:41.656,13.9842,13.98748,0.00,0.00
2013.06.04 19:04:48.977,13.9842,13.98758,0.00,0.00
2013.06.04 19:05:03.363,13.9842,13.98778,0.00,0.00
2013.06.04 19:05:14.326,13.9842,13.98764,0.00,0.00
2013.06.04 19:05:15.756,13.98352,13.98705,0.00,0.00
2013.06.04 19:05:15.816,13.9842,13.98748,0.00,0.00
2013.06.04 19:05:16.016,13.9842,13.98748,0.00,0.00
2013.06.04 19:05:16.427,13.98423,13.98748,0.00,0.00
2013.06.04 19:05:17.430,13.9842,13.9877,0.00,0.00
2013.06.04 19:05:17.906,13.9842,13.98783,0.00,0.00
2013.06.04 19:05:18.419,13.9842,13.98758,0.00,0.00
2013.06.04 19:05:20.777,13.9842,13.98748,0.00,0.00
2013.06.04 19:05:21.212,13.98347,13.98648,0.00,0.00
2013.06.04 19:05:21.476,13.9822,13.98572,0.00,0.00
2013.06.04 19:05:26.916,13.9827,13.98594,0.00,0.00
2013.06.04 19:05:27.637,13.98286,13.9863,0.00,0.00
2013.06.04 19:05:28.047,13.98326,13.98648,0.00,0.00
2013.06.04 19:05:33.296,13.9837,13.9872,0.00,0.00
2013.06.04 19:05:33.892,13.9837,13.98721,0.00,0.00
2013.06.04 19:05:41.069,13.9837,13.9873,0.00,0.00
2013.06.04 19:05:42.650,13.9842,13.98768,0.00,0.00
2013.06.04 19:05:43.733,13.9842,13.98739,0.00,0.00
2013.06.04 19:05:46.327,13.98348,13.98648,0.00,0.00
2013.06.04 19:05:46.506,13.9832,13.9867,0.00,0.00
2013.06.04 19:05:49.423,13.98248,13.98548,0.00,0.00
2013.06.04 19:05:49.587,13.98292,13.98594,0.00,0.00
2013.06.04 19:05:49.666,13.9823,13.9858,0.00,0.00
2013.06.04 19:05:49.737,13.9822,13.98572,0.00,0.00
2013.06.04 19:05:52.387,13.9822,13.9858,0.00,0.00
2013.06.04 19:05:52.801,13.9822,13.98575,0.00,0.00
2013.06.04 19:05:59.094,13.9822,13.9858,0.00,0.00
2013.06.04 19:05:59.896,13.9822,13.98575,0.00,0.00
2013.06.04 19:06:01.217,13.9822,13.9858,0.00,0.00
2013.06.04 19:06:04.528,13.9822,13.98575,0.00,0.00
2013.06.04 19:06:05.958,13.9822,13.9858,0.00,0.00
2013.06.04 19:06:16.347,13.98286,13.9863,0.00,0.00
2013.06.04 19:06:18.123,13.98286,13.9859,0.00,0.00
2013.06.04 19:06:18.376,13.98229,13.9858,0.00,0.00
2013.06.04 19:06:18.496,13.9822,13.98575,0.00,0.00
2013.06.04 19:06:18.914,13.9827,13.98594,0.00,0.00
2013.06.04 19:06:19.328,13.98286,13.9863,0.00,0.00
2013.06.04 19:06:35.146,13.98275,13.9863,0.00,0.00
2013.06.04 19:06:47.246,13.9832,13.9868,0.00,0.00
2013.06.04 19:06:49.037,13.98325,13.9868,0.00,0.00
2013.06.04 19:06:51.326,13.9832,13.98676,0.00,0.00
2013.06.04 19:06:53.187,13.9832,13.98661,0.00,0.00
2013.06.04 19:06:53.526,13.98289,13.9859,0.00,0.00
2013.06.04 19:06:53.587,13.98248,13.9858,0.00,0.00
2013.06.04 19:06:53.776,13.9822,13.9858,0.00,0.00
2013.06.04 19:06:54.077,13.9822,13.98565,0.00,0.00
2013.06.04 19:06:57.952,13.98261,13.98565,0.00,0.00
2013.06.04 19:06:58.025,13.9827,13.98583,0.00,0.00
2013.06.04 19:06:58.244,13.9827,13.9863,0.00,0.00
2013.06.04 19:07:18.890,13.9827,13.98613,0.00,0.00
2013.06.04 19:07:27.616,13.98247,13.98548,0.00,0.00
2013.06.04 19:07:27.676,13.9822,13.98581,0.00,0.00
2013.06.04 19:07:27.778,13.9822,13.98545,0.00,0.00
2013.06.04 19:07:28.157,13.9827,13.98573,0.00,0.00
2013.06.04 19:07:28.634,13.98275,13.9863,0.00,0.00
2013.06.04 19:07:29.955,13.98248,13.98548,0.00,0.00
2013.06.04 19:07:30.187,13.9822,13.98545,0.00,0.00
2013.06.04 19:07:31.056,13.9822,13.9857,0.00,0.00
2013.06.04 19:07:31.364,13.9822,13.98548,0.00,0.00
2013.06.04 19:07:31.926,13.9822,13.9857,0.00,0.00
2013.06.04 19:07:36.555,13.9822,13.98545,0.00,0.00
2013.06.04 19:07:39.963,13.98252,13.98553,0.00,0.00
2013.06.04 19:07:40.067,13.98252,13.98582,0.00,0.00
2013.06.04 19:07:40.126,13.9831,13.9861,0.00,0.00
2013.06.04 19:07:40.186,13.9832,13.98658,0.00,0.00
2013.06.04 19:07:42.519,13.9827,13.98613,0.00,0.00
2013.06.04 19:07:42.886,13.98276,13.9863,0.00,0.00
2013.06.04 19:07:45.903,13.98286,13.9863,0.00,0.00
2013.06.04 19:07:47.367,13.98276,13.9863,0.00,0.00
2013.06.04 19:07:47.737,13.9827,13.9863,0.00,0.00
2013.06.04 19:07:48.366,13.9832,13.9867,0.00,0.00
2013.06.04 19:07:49.297,13.98325,13.9868,0.00,0.00
2013.06.04 19:07:53.416,13.9832,13.98662,0.00,0.00
2013.06.04 19:07:54.011,13.98323,13.9868,0.00,0.00
2013.06.04 19:08:13.267,13.98337,13.9868,0.00,0.00
2013.06.04 19:08:17.230,13.98323,13.98686,0.00,0.00
2013.06.04 19:08:17.751,13.98289,13.9859,0.00,0.00
2013.06.04 19:08:17.978,13.9828,13.9863,0.00,0.00
2013.06.04 19:08:18.106,13.9827,13.98597,0.00,0.00
2013.06.04 19:08:18.437,13.9832,13.98664,0.00,0.00
2013.06.04 19:08:23.534,13.9832,13.98645,0.00,0.00
2013.06.04 19:08:26.796,13.98328,13.9868,0.00,0.00
2013.06.04 19:08:28.936,13.98452,13.98752,0.00,0.00
2013.06.04 19:08:29.152,13.9852,13.98874,0.00,0.00
2013.06.04 19:08:30.366,13.9852,13.98854,0.00,0.00
2013.06.04 19:08:43.570,13.98474,13.9883,0.00,0.00
2013.06.04 19:08:43.959,13.9842,13.98772,0.00,0.00
2013.06.04 19:08:58.965,13.98425,13.98789,0.00,0.00
2013.06.04 19:08:59.837,13.98472,13.9883,0.00,0.00
2013.06.04 19:09:00.274,13.9847,13.98828,0.00,0.00
2013.06.04 19:09:09.033,13.9852,13.98864,0.00,0.00
2013.06.04 19:09:10.685,13.98562,13.98866,0.00,0.00
2013.06.04 19:09:10.806,13.9857,13.98877,0.00,0.00
2013.06.04 19:09:10.937,13.9858,13.9893,0.00,0.00
2013.06.04 19:09:11.322,13.9857,13.98928,0.00,0.00
2013.06.04 19:09:12.956,13.98542,13.9888,0.00,0.00
2013.06.04 19:09:13.646,13.9852,13.98872,0.00,0.00
2013.06.04 19:09:14.088,13.9852,13.98848,0.00,0.00
2013.06.04 19:09:16.557,13.9847,13.98819,0.00,0.00
2013.06.04 19:09:16.986,13.98447,13.98748,0.00,0.00
2013.06.04 19:09:17.048,13.9842,13.98748,0.00,0.00
2013.06.04 19:09:17.255,13.98452,13.98753,0.00,0.00
2013.06.04 19:09:17.497,13.9852,13.9882,0.00,0.00
2013.06.04 19:09:17.768,13.9852,13.98876,0.00,0.00
2013.06.04 19:09:17.831,13.98652,13.98952,0.00,0.00
2013.06.04 19:09:18.096,13.9872,13.99048,0.00,0.00
2013.06.04 19:09:18.158,13.9872,13.99056,0.00,0.00
2013.06.04 19:09:19.190,13.9872,13.99038,0.00,0.00
2013.06.04 19:09:20.996,13.9872,13.99074,0.00,0.00
2013.06.04 19:09:34.836,13.9877,13.99094,0.00,0.00
2013.06.04 19:09:35.452,13.9877,13.99084,0.00,0.00
2013.06.04 19:09:39.659,13.9882,13.9912,0.00,0.00
2013.06.04 19:09:39.716,13.9882,13.99123,0.00,0.00
2013.06.04 19:09:39.839,13.9877,13.99086,0.00,0.00
2013.06.04 19:09:40.736,13.9882,13.99121,0.00,0.00
2013.06.04 19:09:41.083,13.98752,13.99084,0.00,0.00
2013.06.04 19:09:44.962,13.9882,13.99146,0.00,0.00
2013.06.04 19:09:45.068,13.9882,13.99172,0.00,0.00
2013.06.04 19:09:47.457,13.9882,13.99135,0.00,0.00
2013.06.04 19:09:47.925,13.9882,13.99125,0.00,0.00
2013.06.04 19:09:48.537,13.9882,13.99135,0.00,0.00
2013.06.04 19:09:48.849,13.9882,13.99125,0.00,0.00
2013.06.04 19:09:49.487,13.9882,13.99135,0.00,0.00
2013.06.04 19:10:10.118,13.9882,13.99131,0.00,0.00
2013.06.04 19:10:12.627,13.98748,13.99048,0.00,0.00
2013.06.04 19:10:12.847,13.9872,13.99064,0.00,0.00
2013.06.04 19:10:14.037,13.98763,13.99067,0.00,0.00
2013.06.04 19:10:14.157,13.9877,13.99086,0.00,0.00
2013.06.04 19:10:14.277,13.9877,13.99125,0.00,0.00
2013.06.04 19:10:24.834,13.9877,13.9913,0.00,0.00
2013.06.04 19:10:25.261,13.9887,13.99211,0.00,0.00
2013.06.04 19:10:29.259,13.98789,13.9909,0.00,0.00
2013.06.04 19:10:29.407,13.9872,13.99064,0.00,0.00
2013.06.04 19:10:33.456,13.9872,13.99074,0.00,0.00
2013.06.04 19:10:54.127,13.9872,13.99076,0.00,0.00
2013.06.04 19:11:18.627,13.9867,13.9902,0.00,0.00
2013.06.04 19:11:20.429,13.9872,13.9902,0.00,0.00
2013.06.04 19:11:20.566,13.9872,13.99056,0.00,0.00
2013.06.04 19:11:26.806,13.9872,13.9904,0.00,0.00
2013.06.04 19:11:29.858,13.98648,13.98948,0.00,0.00
2013.06.04 19:11:30.077,13.9862,13.98942,0.00,0.00
2013.06.04 19:11:31.195,13.9862,13.98958,0.00,0.00
2013.06.04 19:11:32.348,13.9862,13.98941,0.00,0.00
2013.06.04 19:11:33.397,13.9862,13.9895,0.00,0.00
2013.06.04 19:11:51.783,13.98615,13.98948,0.00,0.00
2013.06.04 19:11:53.242,13.9861,13.98964,0.00,0.00
2013.06.04 19:11:54.237,13.9866,13.98981,0.00,0.00
2013.06.04 19:11:54.577,13.98664,13.9903,0.00,0.00
2013.06.04 19:12:00.977,13.9871,13.99054,0.00,0.00
2013.06.04 19:12:01.323,13.9871,13.99048,0.00,0.00
2013.06.04 19:12:03.748,13.9871,13.99041,0.00,0.00
2013.06.04 19:12:06.938,13.9871,13.99064,0.00,0.00
2013.06.04 19:12:10.567,13.9871,13.99048,0.00,0.00
2013.06.04 19:12:11.108,13.9871,13.9905,0.00,0.00
2013.06.04 19:12:12.626,13.9866,13.99025,0.00,0.00
2013.06.04 19:12:14.757,13.98662,13.99028,0.00,0.00
2013.06.04 19:12:20.738,13.98647,13.98948,0.00,0.00
2013.06.04 19:12:20.866,13.98628,13.98991,0.00,0.00
2013.06.04 19:12:20.975,13.9861,13.98948,0.00,0.00
2013.06.04 19:12:40.328,13.9861,13.98945,0.00,0.00
2013.06.04 19:12:40.778,13.9856,13.98926,0.00,0.00
2013.06.04 19:12:44.497,13.98584,13.9893,0.00,0.00
2013.06.04 19:12:44.828,13.98569,13.9893,0.00,0.00
2013.06.04 19:12:46.132,13.98448,13.98748,0.00,0.00
2013.06.04 19:12:46.257,13.98341,13.9868,0.00,0.00
2013.06.04 19:12:46.317,13.9826,13.98601,0.00,0.00
2013.06.04 19:12:47.356,13.98258,13.9856,0.00,0.00
2013.06.04 19:12:47.956,13.9831,13.9861,0.00,0.00
2013.06.04 19:12:48.107,13.9831,13.98637,0.00,0.00
2013.06.04 19:12:48.178,13.9835,13.98651,0.00,0.00
2013.06.04 19:12:48.237,13.9836,13.98708,0.00,0.00
2013.06.04 19:12:48.417,13.98391,13.9873,0.00,0.00
2013.06.04 19:12:48.765,13.9851,13.98824,0.00,0.00
2013.06.04 19:12:49.074,13.9851,13.98874,0.00,0.00
2013.06.04 19:12:51.377,13.98489,13.9883,0.00,0.00
2013.06.04 19:12:51.861,13.98461,13.98827,0.00,0.00
2013.06.04 19:12:52.232,13.98447,13.98748,0.00,0.00
2013.06.04 19:12:52.458,13.9841,13.98756,0.00,0.00
2013.06.04 19:12:54.792,13.985,13.98801,0.00,0.00
2013.06.04 19:12:54.927,13.9846,13.98778,0.00,0.00
2013.06.04 19:12:55.047,13.98471,13.9883,0.00,0.00
2013.06.04 19:13:00.297,13.9846,13.98826,0.00,0.00
2013.06.04 19:13:20.947,13.9843,13.9878,0.00,0.00
2013.06.04 19:13:21.311,13.9841,13.98748,0.00,0.00
2013.06.04 19:13:21.619,13.9846,13.98777,0.00,0.00
2013.06.04 19:13:21.930,13.98479,13.9883,0.00,0.00
2013.06.04 19:13:29.288,13.98448,13.98748,0.00,0.00
2013.06.04 19:13:29.347,13.9846,13.98774,0.00,0.00
2013.06.04 19:13:33.677,13.9846,13.98794,0.00,0.00
2013.06.04 19:13:39.296,13.9846,13.98804,0.00,0.00
2013.06.04 19:13:52.836,13.9851,13.9881,0.00,0.00
2013.06.04 19:13:53.522,13.9851,13.98848,0.00,0.00
2013.06.04 19:14:02.218,13.98452,13.98799,0.00,0.00
2013.06.04 19:14:02.407,13.98504,13.98806,0.00,0.00
2013.06.04 19:14:02.731,13.9851,13.9882,0.00,0.00
2013.06.04 19:14:09.070,13.9851,13.98822,0.00,0.00
2013.06.04 19:14:09.150,13.98527,13.9889,0.00,0.00
2013.06.04 19:14:13.359,13.98541,13.98848,0.00,0.00
2013.06.04 19:14:15.317,13.98522,13.98886,0.00,0.00
2013.06.04 19:14:21.586,13.98452,13.98826,0.00,0.00
2013.06.04 19:14:21.658,13.9851,13.98842,0.00,0.00
2013.06.04 19:14:23.022,13.9851,13.98844,0.00,0.00
2013.06.04 19:14:23.077,13.98521,13.98884,0.00,0.00
2013.06.04 19:14:23.585,13.98536,13.98899,0.00,0.00
2013.06.04 19:14:26.567,13.98521,13.98884,0.00,0.00
2013.06.04 19:14:29.346,13.98452,13.98825,0.00,0.00
2013.06.04 19:14:29.478,13.9851,13.98842,0.00,0.00
2013.06.04 19:14:49.669,13.9851,13.98835,0.00,0.00
2013.06.04 19:14:52.536,13.9851,13.98849,0.00,0.00
2013.06.04 19:14:52.747,13.9851,13.98836,0.00,0.00
2013.06.04 19:14:53.847,13.9856,13.9886,0.00,0.00
2013.06.04 19:14:53.907,13.98548,13.98848,0.00,0.00
2013.06.04 19:14:54.067,13.9856,13.98894,0.00,0.00
2013.06.04 19:14:54.187,13.9856,13.98913,0.00,0.00
2013.06.04 19:14:58.937,13.98547,13.98848,0.00,0.00
2013.06.04 19:15:00.927,13.986,13.989,0.00,0.00
2013.06.04 19:15:00.987,13.9861,13.98948,0.00,0.00
2013.06.04 19:15:01.498,13.9861,13.98948,0.00,0.00
2013.06.04 19:15:03.587,13.9861,13.98958,0.00,0.00
2013.06.04 19:15:04.871,13.98548,13.98848,0.00,0.00
2013.06.04 19:15:05.148,13.98529,13.98893,0.00,0.00
2013.06.04 19:15:09.375,13.986,13.98901,0.00,0.00
2013.06.04 19:15:09.499,13.9861,13.98923,0.00,0.00
2013.06.04 19:15:09.618,13.9856,13.98909,0.00,0.00
2013.06.04 19:15:09.988,13.9861,13.98968,0.00,0.00
2013.06.04 19:15:10.475,13.98627,13.98948,0.00,0.00
2013.06.04 19:15:24.637,13.9866,13.99012,0.00,0.00
2013.06.04 19:15:25.018,13.9871,13.99056,0.00,0.00
2013.06.04 19:15:27.917,13.98714,13.99048,0.00,0.00
2013.06.04 19:15:30.089,13.9876,13.99096,0.00,0.00
2013.06.04 19:15:32.597,13.9876,13.99082,0.00,0.00
2013.06.04 19:15:33.061,13.9871,13.99048,0.00,0.00
2013.06.04 19:15:33.377,13.98747,13.99048,0.00,0.00
2013.06.04 19:15:42.084,13.9881,13.9911,0.00,0.00
2013.06.04 19:15:42.532,13.9881,13.99128,0.00,0.00
2013.06.04 19:15:42.600,13.9881,13.99164,0.00,0.00
2013.06.04 19:15:44.504,13.9891,13.99211,0.00,0.00
2013.06.04 19:15:44.567,13.9891,13.99223,0.00,0.00
2013.06.04 19:15:44.675,13.98915,13.99248,0.00,0.00
2013.06.04 19:15:45.059,13.9891,13.99248,0.00,0.00
2013.06.04 19:15:45.487,13.9891,13.99258,0.00,0.00
2013.06.04 19:15:45.897,13.98915,13.99248,0.00,0.00
2013.06.04 19:15:46.484,13.98829,13.9913,0.00,0.00
2013.06.04 19:15:46.548,13.98847,13.99148,0.00,0.00
2013.06.04 19:15:46.635,13.9876,13.99099,0.00,0.00
2013.06.04 19:15:46.907,13.9876,13.99119,0.00,0.00
2013.06.04 19:15:47.237,13.9881,13.99148,0.00,0.00
2013.06.04 19:15:49.237,13.9868,13.9898,0.00,0.00
2013.06.04 19:15:49.507,13.98655,13.99018,0.00,0.00
2013.06.04 19:15:49.569,13.9861,13.98948,0.00,0.00
2013.06.04 19:15:52.123,13.98562,13.98866,0.00,0.00
2013.06.04 19:15:53.258,13.98546,13.9885,0.00,0.00
2013.06.04 19:15:57.502,13.98563,13.98867,0.00,0.00
2013.06.04 19:16:01.267,13.987,13.99001,0.00,0.00
2013.06.04 19:16:01.397,13.987,13.99,0.00,0.00
2013.06.04 19:16:01.511,13.98636,13.9894,0.00,0.00
2013.06.04 19:16:02.077,13.9871,13.99056,0.00,0.00
2013.06.04 19:16:09.147,13.9866,13.99023,0.00,0.00
2013.06.04 19:16:20.347,13.9866,13.99,0.00,0.00
2013.06.04 19:16:22.477,13.98661,13.99025,0.00,0.00
2013.06.04 19:16:22.540,13.9861,13.98948,0.00,0.00
2013.06.04 19:16:22.987,13.9866,13.98993,0.00,0.00
2013.06.04 19:16:23.345,13.98666,13.9903,0.00,0.00
2013.06.04 19:16:26.317,13.98647,13.98948,0.00,0.00
2013.06.04 19:16:26.437,13.9866,13.98972,0.00,0.00
2013.06.04 19:16:42.329,13.987,13.99001,0.00,0.00
2013.06.04 19:16:42.447,13.9866,13.98973,0.00,0.00
2013.06.04 19:16:42.507,13.9866,13.99012,0.00,0.00
2013.06.04 19:16:49.109,13.98646,13.98948,0.00,0.00
2013.06.04 19:16:49.300,13.98617,13.98948,0.00,0.00
2013.06.04 19:17:03.746,13.98665,13.9903,0.00,0.00
2013.06.04 19:17:05.137,13.9866,13.99017,0.00,0.00
2013.06.04 19:17:06.435,13.98665,13.9903,0.00,0.00
2013.06.04 19:17:22.807,13.9871,13.99013,0.00,0.00
2013.06.04 19:17:23.288,13.9871,13.99048,0.00,0.00
2013.06.04 19:17:43.186,13.9871,13.99044,0.00,0.00
2013.06.04 19:17:52.408,13.9875,13.9905,0.00,0.00
2013.06.04 19:17:52.564,13.9876,13.99087,0.00,0.00
2013.06.04 19:17:56.428,13.9871,13.99066,0.00,0.00
2013.06.04 19:17:56.748,13.9871,13.99048,0.00,0.00
2013.06.04 19:17:57.108,13.9876,13.9908,0.00,0.00
2013.06.04 19:17:57.471,13.9876,13.99119,0.00,0.00
2013.06.04 19:17:59.528,13.98763,13.99129,0.00,0.00
2013.06.04 19:18:01.929,13.9878,13.9913,0.00,0.00
2013.06.04 19:18:03.078,13.9881,13.99164,0.00,0.00
2013.06.04 19:18:03.835,13.9881,13.99145,0.00,0.00
2013.06.04 19:18:06.640,13.9881,13.99126,0.00,0.00
2013.06.04 19:18:08.619,13.9881,13.99145,0.00,0.00
2013.06.04 19:18:11.637,13.9881,13.99126,0.00,0.00
2013.06.04 19:18:13.999,13.9881,13.9914,0.00,0.00
2013.06.04 19:18:46.387,13.98905,13.99268,0.00,0.00
2013.06.04 19:18:49.389,13.98916,13.9928,0.00,0.00
2013.06.04 19:18:56.277,13.9881,13.99147,0.00,0.00
2013.06.04 19:18:56.967,13.9886,13.9916,0.00,0.00
2013.06.04 19:18:57.167,13.9886,13.9917,0.00,0.00
2013.06.04 19:18:57.288,13.9885,13.99152,0.00,0.00
2013.06.04 19:18:57.408,13.9886,13.9921,0.00,0.00
2013.06.04 19:19:03.157,13.98864,13.9923,0.00,0.00
2013.06.04 19:19:08.705,13.9886,13.99211,0.00,0.00
2013.06.04 19:19:11.838,13.9881,13.9916,0.00,0.00
2013.06.04 19:19:12.192,13.9881,13.99142,0.00,0.00
2013.06.04 19:19:15.433,13.9881,13.9917,0.00,0.00
2013.06.04 19:19:17.153,13.9881,13.99164,0.00,0.00
2013.06.04 19:19:18.163,13.98752,13.99105,0.00,0.00
2013.06.04 19:19:18.263,13.9881,13.99148,0.00,0.00
2013.06.04 19:19:18.343,13.9881,13.99134,0.00,0.00
2013.06.04 19:19:18.687,13.9881,13.99166,0.00,0.00
2013.06.04 19:19:33.768,13.9876,13.99125,0.00,0.00
2013.06.04 19:19:45.337,13.9881,13.99174,0.00,0.00
2013.06.04 19:19:45.699,13.98876,13.9923,0.00,0.00
2013.06.04 19:19:51.035,13.98648,13.98951,0.00,0.00
2013.06.04 19:19:51.287,13.98667,13.9903,0.00,0.00
2013.06.04 19:19:51.347,13.9861,13.98948,0.00,0.00
2013.06.04 19:19:52.075,13.98616,13.98948,0.00,0.00
2013.06.04 19:19:55.602,13.9866,13.99001,0.00,0.00
2013.06.04 19:19:55.999,13.98674,13.9903,0.00,0.00
2013.06.04 19:19:58.567,13.9866,13.9902,0.00,0.00
2013.06.04 19:20:05.528,13.98648,13.98948,0.00,0.00
2013.06.04 19:20:05.798,13.9861,13.9895,0.00,0.00
2013.06.04 19:20:08.521,13.98652,13.98953,0.00,0.00
2013.06.04 19:20:08.579,13.9871,13.99056,0.00,0.00
2013.06.04 19:20:08.820,13.98722,13.99086,0.00,0.00
2013.06.04 19:20:13.870,13.9871,13.99066,0.00,0.00
2013.06.04 19:20:15.046,13.98648,13.98948,0.00,0.00
2013.06.04 19:20:15.149,13.98678,13.9898,0.00,0.00
2013.06.04 19:20:15.207,13.98616,13.98948,0.00,0.00
2013.06.04 19:20:15.329,13.9861,13.98944,0.00,0.00
2013.06.04 19:20:19.322,13.9861,13.9896,0.00,0.00
2013.06.04 19:20:20.448,13.9861,13.9895,0.00,0.00
2013.06.04 19:20:23.477,13.9861,13.98948,0.00,0.00
2013.06.04 19:20:37.390,13.9861,13.9896,0.00,0.00
2013.06.04 19:20:45.237,13.9861,13.98948,0.00,0.00
2013.06.04 19:20:45.630,13.98619,13.98948,0.00,0.00
2013.06.04 19:20:53.417,13.9861,13.98948,0.00,0.00
2013.06.04 19:20:58.999,13.9861,13.98948,0.00,0.00
2013.06.04 19:21:07.946,13.98742,13.99105,0.00,0.00
2013.06.04 19:21:13.828,13.9873,13.99093,0.00,0.00
2013.06.04 19:21:13.947,13.98751,13.99114,0.00,0.00
2013.06.04 19:21:17.943,13.98617,13.98948,0.00,0.00
2013.06.04 19:21:27.119,13.98589,13.9889,0.00,0.00
2013.06.04 19:21:27.237,13.98567,13.9888,0.00,0.00
2013.06.04 19:21:27.321,13.98538,13.9888,0.00,0.00
2013.06.04 19:21:27.679,13.98518,13.9888,0.00,0.00
2013.06.04 19:21:29.848,13.9856,13.98903,0.00,0.00
2013.06.04 19:21:30.529,13.98595,13.9893,0.00,0.00
2013.06.04 19:21:50.255,13.98599,13.9893,0.00,0.00
2013.06.04 19:21:54.029,13.98581,13.9893,0.00,0.00
2013.06.04 19:21:58.699,13.98448,13.98748,0.00,0.00
2013.06.04 19:21:58.858,13.98483,13.98784,0.00,0.00
2013.06.04 19:21:58.918,13.98421,13.9878,0.00,0.00
2013.06.04 19:22:01.523,13.9841,13.98748,0.00,0.00
2013.06.04 19:22:04.822,13.98397,13.9873,0.00,0.00
2013.06.04 19:22:05.168,13.98322,13.98686,0.00,0.00
2013.06.04 19:22:06.350,13.9836,13.98707,0.00,0.00
2013.06.04 19:22:06.761,13.9839,13.9873,0.00,0.00
2013.06.04 19:22:11.148,13.98431,13.9878,0.00,0.00
2013.06.04 19:22:12.630,13.9842,13.98783,0.00,0.00
2013.06.04 19:22:12.974,13.98439,13.98802,0.00,0.00
2013.06.04 19:22:16.563,13.98421,13.98784,0.00,0.00
2013.06.04 19:22:17.329,13.9844,13.98803,0.00,0.00
2013.06.04 19:22:19.389,13.98451,13.98814,0.00,0.00
2013.06.04 19:22:40.057,13.9844,13.98803,0.00,0.00
2013.06.04 19:22:43.568,13.98459,13.98823,0.00,0.00
2013.06.04 19:22:44.602,13.9844,13.98803,0.00,0.00
2013.06.04 19:22:45.975,13.98459,13.98823,0.00,0.00
2013.06.04 19:23:06.247,13.98456,13.98819,0.00,0.00
2013.06.04 19:23:11.288,13.98352,13.98748,0.00,0.00
2013.06.04 19:23:11.347,13.98403,13.98766,0.00,0.00
2013.06.04 19:23:17.458,13.98329,13.9863,0.00,0.00
2013.06.04 19:23:17.549,13.98297,13.9863,0.00,0.00
2013.06.04 19:23:17.608,13.98316,13.9863,0.00,0.00
2013.06.04 19:23:17.935,13.98287,13.9863,0.00,0.00
2013.06.04 19:23:18.349,13.98275,13.9863,0.00,0.00
2013.06.04 19:23:20.532,13.98362,13.98726,0.00,0.00
2013.06.04 19:23:30.108,13.98362,13.98725,0.00,0.00
2013.06.04 19:23:33.699,13.98348,13.98648,0.00,0.00
2013.06.04 19:23:41.360,13.98355,13.98659,0.00,0.00
2013.06.04 19:23:42.081,13.98252,13.98648,0.00,0.00
2013.06.04 19:23:42.178,13.98321,13.98684,0.00,0.00
2013.06.04 19:23:42.238,13.98321,13.98648,0.00,0.00
2013.06.04 19:23:42.298,13.9834,13.98703,0.00,0.00
2013.06.04 19:23:47.035,13.98359,13.98723,0.00,0.00
2013.06.04 19:23:58.758,13.98339,13.98702,0.00,0.00
2013.06.04 19:23:59.195,13.98252,13.98643,0.00,0.00
2013.06.04 19:23:59.274,13.9831,13.98664,0.00,0.00
2013.06.04 19:24:00.087,13.9841,13.98711,0.00,0.00
2013.06.04 19:24:00.148,13.9841,13.98742,0.00,0.00
2013.06.04 19:24:00.208,13.98348,13.98648,0.00,0.00
2013.06.04 19:24:00.629,13.98348,13.98648,0.00,0.00
2013.06.04 19:24:06.988,13.98368,13.98731,0.00,0.00
2013.06.04 19:24:07.739,13.9836,13.98714,0.00,0.00
2013.06.04 19:24:07.858,13.9836,13.98702,0.00,0.00
2013.06.04 19:24:07.978,13.98363,13.98727,0.00,0.00
2013.06.04 19:24:08.038,13.9836,13.98704,0.00,0.00
2013.06.04 19:24:09.741,13.98368,13.98731,0.00,0.00
2013.06.04 19:24:13.440,13.98378,13.98741,0.00,0.00
2013.06.04 19:24:16.649,13.98373,13.98736,0.00,0.00
2013.06.04 19:24:25.608,13.98348,13.98711,0.00,0.00
2013.06.04 19:24:31.228,13.9836,13.98698,0.00,0.00
2013.06.04 19:24:31.348,13.9836,13.9868,0.00,0.00
2013.06.04 19:24:31.700,13.98347,13.98648,0.00,0.00
2013.06.04 19:24:52.359,13.9836,13.98694,0.00,0.00
2013.06.04 19:24:55.070,13.9836,13.98711,0.00,0.00
2013.06.04 19:24:58.601,13.9836,13.98676,0.00,0.00
2013.06.04 19:24:59.369,13.9836,13.98694,0.00,0.00
2013.06.04 19:25:00.079,13.9836,13.9871,0.00,0.00
2013.06.04 19:25:00.684,13.9836,13.9869,0.00,0.00
2013.06.04 19:25:04.368,13.9836,13.98711,0.00,0.00
2013.06.04 19:25:04.747,13.98347,13.98648,0.00,0.00
2013.06.04 19:25:05.409,13.9836,13.98694,0.00,0.00
2013.06.04 19:25:08.127,13.9836,13.9867,0.00,0.00
2013.06.04 19:25:14.328,13.9836,13.98688,0.00,0.00
2013.06.04 19:25:15.629,13.9836,13.9867,0.00,0.00
2013.06.04 19:25:18.643,13.9836,13.98688,0.00,0.00
2013.06.04 19:25:19.449,13.9831,13.9867,0.00,0.00
2013.06.04 19:25:19.759,13.98315,13.98648,0.00,0.00
2013.06.04 19:25:20.200,13.9831,13.98648,0.00,0.00
2013.06.04 19:25:29.708,13.9827,13.98633,0.00,0.00
2013.06.04 19:25:29.839,13.98196,13.9853,0.00,0.00
2013.06.04 19:25:30.212,13.9826,13.98576,0.00,0.00
2013.06.04 19:25:30.566,13.98247,13.98548,0.00,0.00
2013.06.04 19:25:30.928,13.98218,13.98581,0.00,0.00
2013.06.04 19:25:31.838,13.98224,13.98587,0.00,0.00
2013.06.04 19:25:52.286,13.98218,13.98582,0.00,0.00
2013.06.04 19:25:54.144,13.9831,13.98611,0.00,0.00
2013.06.04 19:25:54.208,13.98318,13.98682,0.00,0.00
2013.06.04 19:25:54.629,13.98252,13.98622,0.00,0.00
2013.06.04 19:25:54.688,13.9831,13.98653,0.00,0.00
2013.06.04 19:26:02.623,13.9831,13.98663,0.00,0.00
2013.06.04 19:26:02.687,13.9831,13.98648,0.00,0.00
2013.06.04 19:26:02.748,13.98328,13.98691,0.00,0.00
2013.06.04 19:26:06.662,13.9831,13.9867,0.00,0.00
2013.06.04 19:26:14.447,13.98252,13.9861,0.00,0.00
2013.06.04 19:26:14.701,13.9831,13.98641,0.00,0.00
2013.06.04 19:26:15.870,13.9831,13.98643,0.00,0.00
2013.06.04 19:26:16.000,13.98315,13.98648,0.00,0.00
2013.06.04 19:26:26.188,13.98326,13.9869,0.00,0.00
2013.06.04 19:26:29.916,13.9831,13.9867,0.00,0.00
2013.06.04 19:26:31.659,13.98318,13.98682,0.00,0.00
2013.06.04 19:26:50.251,13.9836,13.987,0.00,0.00
2013.06.04 19:26:50.568,13.98377,13.9874,0.00,0.00
2013.06.04 19:26:53.171,13.9841,13.98758,0.00,0.00
2013.06.04 19:26:54.768,13.98424,13.98788,0.00,0.00
2013.06.04 19:27:04.614,13.98348,13.98648,0.00,0.00
2013.06.04 19:27:04.770,13.98405,13.98768,0.00,0.00
2013.06.04 19:27:04.890,13.9833,13.98693,0.00,0.00
2013.06.04 19:27:07.420,13.98368,13.98734,0.00,0.00
2013.06.04 19:27:08.529,13.98387,13.9874,0.00,0.00
2013.06.04 19:27:11.941,13.98348,13.98648,0.00,0.00
2013.06.04 19:27:12.208,13.9836,13.98717,0.00,0.00
2013.06.04 19:27:14.390,13.9832,13.98684,0.00,0.00
2013.06.04 19:27:19.953,13.98247,13.98548,0.00,0.00
2013.06.04 19:27:20.018,13.9826,13.98604,0.00,0.00
2013.06.04 19:27:24.099,13.98279,13.9864,0.00,0.00
2013.06.04 19:27:29.572,13.9826,13.98607,0.00,0.00
2013.06.04 19:27:29.918,13.98222,13.98548,0.00,0.00
2013.06.04 19:27:30.971,13.9826,13.98606,0.00,0.00
2013.06.04 19:27:31.321,13.98279,13.9864,0.00,0.00
2013.06.04 19:27:31.648,13.9826,13.98584,0.00,0.00
2013.06.04 19:27:38.119,13.9826,13.98614,0.00,0.00
2013.06.04 19:27:41.878,13.98231,13.98594,0.00,0.00
2013.06.04 19:27:42.378,13.9826,13.98613,0.00,0.00
2013.06.04 19:27:44.399,13.9826,13.98594,0.00,0.00
2013.06.04 19:27:45.659,13.98249,13.98612,0.00,0.00
2013.06.04 19:27:45.838,13.9826,13.986,0.00,0.00
2013.06.04 19:27:46.678,13.98269,13.98635,0.00,0.00
2013.06.04 19:27:48.121,13.98248,13.98548,0.00,0.00
2013.06.04 19:27:48.238,13.9826,13.98604,0.00,0.00
2013.06.04 19:27:50.417,13.98221,13.98584,0.00,0.00
2013.06.04 19:28:00.773,13.9821,13.98554,0.00,0.00
2013.06.04 19:28:01.096,13.98152,13.98495,0.00,0.00
2013.06.04 19:28:02.927,13.9821,13.98565,0.00,0.00
2013.06.04 19:28:11.007,13.98247,13.98548,0.00,0.00
2013.06.04 19:28:11.067,13.9826,13.9861,0.00,0.00
2013.06.04 19:28:11.605,13.98247,13.98548,0.00,0.00
2013.06.04 19:28:25.433,13.98152,13.98572,0.00,0.00
2013.06.04 19:28:25.497,13.9821,13.98554,0.00,0.00
2013.06.04 19:28:34.683,13.9821,13.98548,0.00,0.00
2013.06.04 19:28:34.737,13.9824,13.98548,0.00,0.00
2013.06.04 19:28:44.799,13.98267,13.98633,0.00,0.00
2013.06.04 19:28:46.676,13.98248,13.98548,0.00,0.00
2013.06.04 19:28:47.777,13.98267,13.98633,0.00,0.00
2013.06.04 19:28:48.028,13.98305,13.9864,0.00,0.00
2013.06.04 19:28:48.363,13.98277,13.9864,0.00,0.00
2013.06.04 19:28:53.068,13.98324,13.98687,0.00,0.00
2013.06.04 19:28:53.519,13.98347,13.98648,0.00,0.00
2013.06.04 19:28:55.988,13.9836,13.98688,0.00,0.00
2013.06.04 19:28:58.898,13.98248,13.98548,0.00,0.00
2013.06.04 19:28:58.959,13.9826,13.98621,0.00,0.00
2013.06.04 19:29:01.529,13.98267,13.98631,0.00,0.00
2013.06.04 19:29:08.299,13.9826,13.98621,0.00,0.00
2013.06.04 19:29:16.703,13.98267,13.98631,0.00,0.00
2013.06.04 19:29:17.557,13.9826,13.98602,0.00,0.00
2013.06.04 19:29:17.618,13.9826,13.98621,0.00,0.00
2013.06.04 19:29:20.184,13.98248,13.98612,0.00,0.00
2013.06.04 19:29:20.308,13.98267,13.98631,0.00,0.00
2013.06.04 19:29:20.548,13.98253,13.9859,0.00,0.00
2013.06.04 19:29:20.728,13.98239,13.98603,0.00,0.00
2013.06.04 19:29:20.961,13.9831,13.9861,0.00,0.00
2013.06.04 19:29:21.097,13.9831,13.98622,0.00,0.00
2013.06.04 19:29:21.318,13.9831,13.98632,0.00,0.00
2013.06.04 19:29:21.667,13.9831,13.98648,0.00,0.00
2013.06.04 19:29:25.458,13.98252,13.986,0.00,0.00
2013.06.04 19:29:25.522,13.9831,13.98635,0.00,0.00
2013.06.04 19:29:36.108,13.9831,13.9866,0.00,0.00
2013.06.04 19:29:36.708,13.9836,13.9866,0.00,0.00
2013.06.04 19:29:36.768,13.98355,13.98656,0.00,0.00
2013.06.04 19:29:36.829,13.9836,13.9869,0.00,0.00
2013.06.04 19:29:37.039,13.9836,13.9871,0.00,0.00
2013.06.04 19:29:37.358,13.98332,13.98696,0.00,0.00
2013.06.04 19:29:37.507,13.98318,13.98682,0.00,0.00
2013.06.04 19:29:38.539,13.9836,13.9871,0.00,0.00
2013.06.04 19:29:38.969,13.98332,13.98696,0.00,0.00
2013.06.04 19:29:39.117,13.98318,13.98682,0.00,0.00
2013.06.04 19:29:41.865,13.9841,13.98711,0.00,0.00
2013.06.04 19:29:42.057,13.9841,13.98729,0.00,0.00
2013.06.04 19:29:42.548,13.9836,13.9871,0.00,0.00
2013.06.04 19:29:47.937,13.98318,13.98682,0.00,0.00
2013.06.04 19:29:50.418,13.9836,13.9871,0.00,0.00
2013.06.04 19:29:50.657,13.98327,13.9869,0.00,0.00
2013.06.04 19:29:59.221,13.98248,13.98548,0.00,0.00
2013.06.04 19:29:59.399,13.9826,13.98623,0.00,0.00
2013.06.04 19:30:01.064,13.9826,13.98625,0.00,0.00
2013.06.04 19:30:01.117,13.98278,13.9864,0.00,0.00
2013.06.04 19:30:18.689,13.98247,13.98548,0.00,0.00
2013.06.04 19:30:18.770,13.98263,13.98627,0.00,0.00
2013.06.04 19:30:19.203,13.98263,13.98629,0.00,0.00
2013.06.04 19:30:19.328,13.98277,13.9864,0.00,0.00
2013.06.04 19:30:19.704,13.98248,13.98548,0.00,0.00
2013.06.04 19:30:22.864,13.98263,13.98629,0.00,0.00
2013.06.04 19:30:22.991,13.98277,13.9864,0.00,0.00
2013.06.04 19:30:25.359,13.98262,13.98628,0.00,0.00
2013.06.04 19:30:25.899,13.98247,13.98548,0.00,0.00
2013.06.04 19:30:25.958,13.9826,13.98598,0.00,0.00
2013.06.04 19:30:26.020,13.98152,13.98538,0.00,0.00
2013.06.04 19:30:26.078,13.9821,13.98549,0.00,0.00
2013.06.04 19:30:27.218,13.98244,13.98608,0.00,0.00
2013.06.04 19:30:27.278,13.98244,13.98548,0.00,0.00
2013.06.04 19:30:28.656,13.98152,13.98548,0.00,0.00
2013.06.04 19:30:28.868,13.9821,13.98549,0.00,0.00
2013.06.04 19:30:29.366,13.9821,13.98548,0.00,0.00
2013.06.04 19:30:29.467,13.98244,13.98607,0.00,0.00
2013.06.04 19:30:33.518,13.98152,13.98548,0.00,0.00
2013.06.04 19:30:33.599,13.9821,13.98549,0.00,0.00
2013.06.04 19:30:43.813,13.98246,13.98609,0.00,0.00
2013.06.04 19:30:43.877,13.98246,13.98548,0.00,0.00
2013.06.04 19:30:49.118,13.98248,13.98548,0.00,0.00
2013.06.04 19:30:53.839,13.98265,13.98631,0.00,0.00
2013.06.04 19:30:53.968,13.98335,13.98699,0.00,0.00
2013.06.04 19:30:54.552,13.98252,13.98639,0.00,0.00
2013.06.04 19:30:54.708,13.9831,13.98665,0.00,0.00
2013.06.04 19:30:55.408,13.9826,13.98621,0.00,0.00
2013.06.04 19:30:58.830,13.9826,13.98623,0.00,0.00
2013.06.04 19:30:58.918,13.98276,13.9864,0.00,0.00
2013.06.04 19:30:59.231,13.98314,13.98648,0.00,0.00
2013.06.04 19:31:10.328,13.98313,13.98648,0.00,0.00
2013.06.04 19:31:23.934,13.9831,13.98658,0.00,0.00
2013.06.04 19:31:24.330,13.98264,13.9863,0.00,0.00
2013.06.04 19:31:28.842,13.98235,13.9859,0.00,0.00
2013.06.04 19:31:49.197,13.98239,13.98603,0.00,0.00
2013.06.04 19:31:52.928,13.98265,13.98629,0.00,0.00
2013.06.04 19:32:04.918,13.98247,13.9861,0.00,0.00
2013.06.04 19:32:14.288,13.98236,13.98599,0.00,0.00
2013.06.04 19:32:14.941,13.98265,13.98629,0.00,0.00
2013.06.04 19:32:15.059,13.9826,13.9861,0.00,0.00
2013.06.04 19:32:17.475,13.9821,13.98552,0.00,0.00
2013.06.04 19:32:17.658,13.98236,13.98599,0.00,0.00
2013.06.04 19:32:21.790,13.98256,13.98619,0.00,0.00
2013.06.04 19:32:21.848,13.9826,13.98622,0.00,0.00
2013.06.04 19:32:21.998,13.98275,13.9864,0.00,0.00
2013.06.04 19:32:24.104,13.98248,13.98548,0.00,0.00
2013.06.04 19:32:24.238,13.9826,13.98624,0.00,0.00
2013.06.04 19:32:40.928,13.9831,13.98626,0.00,0.00
2013.06.04 19:32:41.129,13.9831,13.98668,0.00,0.00
2013.06.04 19:32:41.578,13.9831,13.9865,0.00,0.00
2013.06.04 19:32:44.993,13.98252,13.9859,0.00,0.00
2013.06.04 19:32:48.278,13.9831,13.98669,0.00,0.00
2013.06.04 19:32:53.418,13.9831,13.9865,0.00,0.00
2013.06.04 19:32:58.908,13.9831,13.9864,0.00,0.00
2013.06.04 19:33:01.398,13.9831,13.98611,0.00,0.00
2013.06.04 19:33:01.519,13.9831,13.98668,0.00,0.00
2013.06.04 19:33:01.638,13.9831,13.9864,0.00,0.00
2013.06.04 19:33:01.778,13.9831,13.98668,0.00,0.00
2013.06.04 19:33:03.989,13.9831,13.98649,0.00,0.00
2013.06.04 19:33:04.880,13.9831,13.98648,0.00,0.00
2013.06.04 19:33:04.949,13.9831,13.98664,0.00,0.00
2013.06.04 19:33:10.375,13.98252,13.98604,0.00,0.00
2013.06.04 19:33:10.487,13.9831,13.98648,0.00,0.00
2013.06.04 19:33:13.810,13.9831,13.98668,0.00,0.00
2013.06.04 19:33:16.486,13.9831,13.9864,0.00,0.00
2013.06.04 19:33:30.472,13.9831,13.98642,0.00,0.00
2013.06.04 19:33:30.580,13.9831,13.98658,0.00,0.00
2013.06.04 19:33:38.818,13.9831,13.98647,0.00,0.00
2013.06.04 19:33:39.249,13.9831,13.98662,0.00,0.00
2013.06.04 19:33:42.598,13.9831,13.98648,0.00,0.00
2013.06.04 19:33:43.977,13.9836,13.9866,0.00,0.00
2013.06.04 19:33:44.178,13.9836,13.98666,0.00,0.00
2013.06.04 19:33:44.398,13.9836,13.98686,0.00,0.00
2013.06.04 19:33:47.959,13.9831,13.98641,0.00,0.00
2013.06.04 19:33:48.580,13.9831,13.98658,0.00,0.00
2013.06.04 19:33:49.308,13.9831,13.98646,0.00,0.00
2013.06.04 19:33:49.938,13.9831,13.98658,0.00,0.00
2013.06.04 19:33:51.486,13.9831,13.98642,0.00,0.00
2013.06.04 19:33:52.409,13.9831,13.98662,0.00,0.00
2013.06.04 19:33:56.098,13.9836,13.98676,0.00,0.00
2013.06.04 19:33:58.346,13.9831,13.98668,0.00,0.00
2013.06.04 19:33:59.875,13.98323,13.98686,0.00,0.00
2013.06.04 19:34:00.289,13.9831,13.98648,0.00,0.00
2013.06.04 19:34:00.608,13.9831,13.98641,0.00,0.00
2013.06.04 19:34:01.009,13.9831,13.98648,0.00,0.00
2013.06.04 19:34:01.678,13.9831,13.98648,0.00,0.00
2013.06.04 19:34:02.099,13.9831,13.98649,0.00,0.00
2013.06.04 19:34:09.982,13.9831,13.98648,0.00,0.00
2013.06.04 19:34:10.093,13.9831,13.98668,0.00,0.00
2013.06.04 19:34:11.492,13.9831,13.98648,0.00,0.00
2013.06.04 19:34:32.299,13.9831,13.98654,0.00,0.00
2013.06.04 19:34:32.676,13.98314,13.98648,0.00,0.00
2013.06.04 19:34:35.048,13.98391,13.98691,0.00,0.00
2013.06.04 19:34:35.108,13.98414,13.98748,0.00,0.00
2013.06.04 19:34:35.558,13.98429,13.98793,0.00,0.00
2013.06.04 19:34:36.726,13.98415,13.98748,0.00,0.00
2013.06.04 19:34:38.238,13.9842,13.98748,0.00,0.00
2013.06.04 19:34:38.633,13.98435,13.98748,0.00,0.00
2013.06.04 19:34:42.368,13.98415,13.98748,0.00,0.00
2013.06.04 19:34:45.695,13.98348,13.98648,0.00,0.00
2013.06.04 19:34:45.818,13.9836,13.98682,0.00,0.00
2013.06.04 19:34:48.053,13.9831,13.98668,0.00,0.00
2013.06.04 19:34:48.447,13.9831,13.98648,0.00,0.00
2013.06.04 19:34:49.264,13.9831,13.98646,0.00,0.00
2013.06.04 19:34:50.773,13.9831,13.98648,0.00,0.00
2013.06.04 19:34:51.600,13.9831,13.98648,0.00,0.00
2013.06.04 19:34:52.097,13.9831,13.98648,0.00,0.00
2013.06.04 19:34:54.825,13.9836,13.98661,0.00,0.00
2013.06.04 19:34:55.059,13.9836,13.98672,0.00,0.00
2013.06.04 19:34:55.471,13.9836,13.98692,0.00,0.00
2013.06.04 19:34:56.588,13.9831,13.98664,0.00,0.00
2013.06.04 19:35:04.428,13.9831,13.98652,0.00,0.00
2013.06.04 19:35:11.402,13.9831,13.98664,0.00,0.00
2013.06.04 19:35:13.367,13.9832,13.98646,0.00,0.00
2013.06.04 19:35:14.724,13.98252,13.98584,0.00,0.00
2013.06.04 19:35:14.788,13.9827,13.98619,0.00,0.00
2013.06.04 19:35:14.897,13.9827,13.98604,0.00,0.00
2013.06.04 19:35:17.998,13.9827,13.9862,0.00,0.00
2013.06.04 19:35:18.338,13.98347,13.98648,0.00,0.00
2013.06.04 19:35:18.708,13.9832,13.98652,0.00,0.00
2013.06.04 19:35:19.588,13.9832,13.98671,0.00,0.00
2013.06.04 19:35:24.640,13.9832,13.98652,0.00,0.00
2013.06.04 19:35:26.940,13.98279,13.9858,0.00,0.00
2013.06.04 19:35:27.118,13.98241,13.9857,0.00,0.00
2013.06.04 19:35:27.238,13.98221,13.98584,0.00,0.00
2013.06.04 19:35:32.429,13.9822,13.98576,0.00,0.00
2013.06.04 19:35:36.305,13.98148,13.98448,0.00,0.00
2013.06.04 19:35:36.368,13.98202,13.98565,0.00,0.00
2013.06.04 19:35:36.428,13.9817,13.98527,0.00,0.00
2013.06.04 19:35:36.609,13.9817,13.9852,0.00,0.00
2013.06.04 19:35:36.668,13.98193,13.9852,0.00,0.00
2013.06.04 19:35:37.134,13.98148,13.98448,0.00,0.00
2013.06.04 19:35:40.506,13.9817,13.9852,0.00,0.00
2013.06.04 19:35:40.629,13.98202,13.9852,0.00,0.00
2013.06.04 19:35:40.968,13.9817,13.98508,0.00,0.00
2013.06.04 19:35:41.028,13.9812,13.98477,0.00,0.00
2013.06.04 19:35:44.050,13.9812,13.98439,0.00,0.00
2013.06.04 19:35:45.409,13.9812,13.98457,0.00,0.00
2013.06.04 19:35:46.209,13.9812,13.98439,0.00,0.00
2013.06.04 19:35:46.458,13.98046,13.98409,0.00,0.00
2013.06.04 19:35:46.578,13.98027,13.9839,0.00,0.00
2013.06.04 19:35:49.368,13.9802,13.98358,0.00,0.00
2013.06.04 19:35:53.628,13.97948,13.98248,0.00,0.00
2013.06.04 19:35:53.748,13.97934,13.98297,0.00,0.00
2013.06.04 19:35:55.259,13.97952,13.9827,0.00,0.00
2013.06.04 19:35:55.601,13.98047,13.98348,0.00,0.00
2013.06.04 19:35:56.528,13.98032,13.98395,0.00,0.00
2013.06.04 19:36:08.418,13.9802,13.9837,0.00,0.00
2013.06.04 19:36:10.390,13.97952,13.98317,0.00,0.00
2013.06.04 19:36:10.448,13.9802,13.98347,0.00,0.00
2013.06.04 19:36:10.609,13.9802,13.98349,0.00,0.00
2013.06.04 19:36:10.763,13.98022,13.9837,0.00,0.00
2013.06.04 19:36:11.394,13.9802,13.98348,0.00,0.00
2013.06.04 19:36:13.016,13.97948,13.98248,0.00,0.00
2013.06.04 19:36:13.139,13.97948,13.98248,0.00,0.00
2013.06.04 19:36:13.201,13.9797,13.98288,0.00,0.00
2013.06.04 19:36:13.802,13.9792,13.98277,0.00,0.00
2013.06.04 19:36:14.230,13.9792,13.98248,0.00,0.00
2013.06.04 19:36:14.648,13.9792,13.98248,0.00,0.00
2013.06.04 19:36:16.270,13.9792,13.98279,0.00,0.00
2013.06.04 19:36:16.721,13.97947,13.98248,0.00,0.00
2013.06.04 19:36:17.318,13.97923,13.98287,0.00,0.00
2013.06.04 19:36:17.732,13.9792,13.98248,0.00,0.00
2013.06.04 19:36:27.018,13.9802,13.98321,0.00,0.00
2013.06.04 19:36:27.078,13.97995,13.98296,0.00,0.00
2013.06.04 19:36:27.138,13.9797,13.98278,0.00,0.00
2013.06.04 19:36:27.201,13.9797,13.98296,0.00,0.00
2013.06.04 19:36:27.519,13.9797,13.98278,0.00,0.00
2013.06.04 19:36:27.975,13.9792,13.98248,0.00,0.00
2013.06.04 19:36:31.729,13.9792,13.98277,0.00,0.00
2013.06.04 19:36:42.009,13.9792,13.98258,0.00,0.00
2013.06.04 19:36:42.558,13.97848,13.98148,0.00,0.00
2013.06.04 19:36:42.640,13.9787,13.9821,0.00,0.00
2013.06.04 19:36:42.805,13.9787,13.98208,0.00,0.00
2013.06.04 19:36:43.054,13.9791,13.9821,0.00,0.00
2013.06.04 19:36:43.168,13.9792,13.98248,0.00,0.00
2013.06.04 19:36:43.235,13.97921,13.98284,0.00,0.00
2013.06.04 19:36:43.728,13.9792,13.98251,0.00,0.00
2013.06.04 19:36:48.944,13.9792,13.98248,0.00,0.00
2013.06.04 19:36:49.098,13.9792,13.98279,0.00,0.00
2013.06.04 19:36:49.643,13.9792,13.98266,0.00,0.00
2013.06.04 19:36:51.854,13.97819,13.9812,0.00,0.00
2013.06.04 19:36:51.978,13.9782,13.98149,0.00,0.00
2013.06.04 19:36:52.038,13.9782,13.98152,0.00,0.00
2013.06.04 19:36:52.098,13.97847,13.98148,0.00,0.00
2013.06.04 19:36:52.448,13.9797,13.9827,0.00,0.00
2013.06.04 19:36:52.758,13.97948,13.98248,0.00,0.00
2013.06.04 19:36:52.818,13.97931,13.98294,0.00,0.00
2013.06.04 19:36:53.504,13.97879,13.9818,0.00,0.00
2013.06.04 19:36:53.858,13.97844,13.98207,0.00,0.00
2013.06.04 19:36:54.159,13.9791,13.9821,0.00,0.00
2013.06.04 19:36:54.279,13.9792,13.98239,0.00,0.00
2013.06.04 19:36:54.339,13.97921,13.98284,0.00,0.00
2013.06.04 19:36:54.725,13.9792,13.98248,0.00,0.00
2013.06.04 19:36:59.788,13.97852,13.98216,0.00,0.00
2013.06.04 19:36:59.861,13.9792,13.98246,0.00,0.00
2013.06.04 19:37:02.818,13.9792,13.98265,0.00,0.00
2013.06.04 19:37:03.713,13.97852,13.98225,0.00,0.00
2013.06.04 19:37:05.900,13.97947,13.98248,0.00,0.00
2013.06.04 19:37:05.959,13.9797,13.98314,0.00,0.00
2013.06.04 19:37:06.301,13.97948,13.98248,0.00,0.00
2013.06.04 19:37:08.230,13.9797,13.98314,0.00,0.00
2013.06.04 19:37:09.479,13.9797,13.98332,0.00,0.00
2013.06.04 19:37:10.394,13.9807,13.98371,0.00,0.00
2013.06.04 19:37:10.458,13.98048,13.98348,0.00,0.00
2013.06.04 19:37:10.518,13.98016,13.98316,0.00,0.00
2013.06.04 19:37:10.638,13.98012,13.98316,0.00,0.00
2013.06.04 19:37:10.699,13.9802,13.98352,0.00,0.00
2013.06.04 19:37:10.758,13.9807,13.9837,0.00,0.00
2013.06.04 19:37:10.819,13.9807,13.9841,0.00,0.00
2013.06.04 19:37:10.878,13.9802,13.98381,0.00,0.00
2013.06.04 19:37:12.819,13.9802,13.9837,0.00,0.00
2013.06.04 19:37:13.178,13.9802,13.98334,0.00,0.00
2013.06.04 19:37:13.677,13.9802,13.98348,0.00,0.00
2013.06.04 19:37:14.706,13.97948,13.98248,0.00,0.00
2013.06.04 19:37:14.848,13.9798,13.98343,0.00,0.00
2013.06.04 19:37:14.909,13.97923,13.98287,0.00,0.00
2013.06.04 19:37:19.028,13.97948,13.98248,0.00,0.00
2013.06.04 19:37:19.490,13.97947,13.98248,0.00,0.00
2013.06.04 19:37:26.784,13.9812,13.9842,0.00,0.00
2013.06.04 19:37:26.928,13.98048,13.98348,0.00,0.00
2013.06.04 19:37:27.138,13.9807,13.9837,0.00,0.00
2013.06.04 19:37:27.198,13.9807,13.984,0.00,0.00
2013.06.04 19:37:27.528,13.9802,13.98348,0.00,0.00
2013.06.04 19:37:29.799,13.9802,13.98362,0.00,0.00
2013.06.04 19:37:30.382,13.97952,13.98302,0.00,0.00
2013.06.04 19:37:30.490,13.9802,13.98333,0.00,0.00
2013.06.04 19:37:30.710,13.97848,13.98148,0.00,0.00
2013.06.04 19:37:30.769,13.97949,13.9827,0.00,0.00
2013.06.04 19:37:30.829,13.97852,13.98152,0.00,0.00
2013.06.04 19:37:30.888,13.9792,13.98246,0.00,0.00
2013.06.04 19:37:33.238,13.97847,13.98148,0.00,0.00
2013.06.04 19:37:35.440,13.97881,13.9822,0.00,0.00
2013.06.04 19:37:35.860,13.98053,13.98353,0.00,0.00
2013.06.04 19:37:35.919,13.9807,13.9843,0.00,0.00
2013.06.04 19:37:38.133,13.98048,13.98348,0.00,0.00
2013.06.04 19:37:38.268,13.9802,13.98348,0.00,0.00
2013.06.04 19:37:38.388,13.9797,13.9833,0.00,0.00
2013.06.04 19:37:38.699,13.97947,13.98248,0.00,0.00
2013.06.04 19:37:38.758,13.9794,13.98248,0.00,0.00
2013.06.04 19:37:38.818,13.9792,13.98264,0.00,0.00
2013.06.04 19:37:44.530,13.97852,13.98205,0.00,0.00
2013.06.04 19:37:44.710,13.97869,13.98232,0.00,0.00
2013.06.04 19:37:44.879,13.9782,13.98183,0.00,0.00
2013.06.04 19:37:46.808,13.9791,13.9821,0.00,0.00
2013.06.04 19:37:46.919,13.9792,13.9826,0.00,0.00
2013.06.04 19:37:47.179,13.97946,13.98248,0.00,0.00
2013.06.04 19:37:48.758,13.9797,13.9833,0.00,0.00
2013.06.04 19:37:51.529,13.97937,13.983,0.00,0.00
2013.06.04 19:37:53.687,13.9797,13.98329,0.00,0.00
2013.06.04 19:38:09.219,13.97937,13.983,0.00,0.00
2013.06.04 19:38:10.492,13.97852,13.98241,0.00,0.00
2013.06.04 19:38:10.573,13.9792,13.98274,0.00,0.00
2013.06.04 19:38:31.240,13.9792,13.98279,0.00,0.00
2013.06.04 19:38:36.517,13.9792,13.9826,0.00,0.00
2013.06.04 19:38:43.122,13.9797,13.9827,0.00,0.00
2013.06.04 19:38:43.178,13.97948,13.98248,0.00,0.00
2013.06.04 19:38:43.239,13.97947,13.98248,0.00,0.00
2013.06.04 19:38:43.469,13.9797,13.98328,0.00,0.00
2013.06.04 19:39:04.200,13.9802,13.98331,0.00,0.00
2013.06.04 19:39:21.168,13.9802,13.98333,0.00,0.00
2013.06.04 19:39:21.350,13.9802,13.98374,0.00,0.00
2013.06.04 19:39:21.676,13.9807,13.9843,0.00,0.00
2013.06.04 19:39:23.493,13.98047,13.98348,0.00,0.00
2013.06.04 19:39:23.585,13.9807,13.98394,0.00,0.00
2013.06.04 19:39:31.012,13.97952,13.98335,0.00,0.00
2013.06.04 19:39:31.114,13.9804,13.98342,0.00,0.00
2013.06.04 19:39:32.218,13.98044,13.98344,0.00,0.00
2013.06.04 19:39:32.370,13.9807,13.9839,0.00,0.00
2013.06.04 19:39:35.797,13.97952,13.9833,0.00,0.00
2013.06.04 19:39:35.959,13.9804,13.98342,0.00,0.00
2013.06.04 19:39:54.650,13.9802,13.98321,0.00,0.00
2013.06.04 19:39:54.769,13.9802,13.98346,0.00,0.00
2013.06.04 19:40:01.791,13.9807,13.9837,0.00,0.00
2013.06.04 19:40:02.120,13.97952,13.98315,0.00,0.00
2013.06.04 19:40:06.199,13.9802,13.98355,0.00,0.00
2013.06.04 19:40:16.762,13.9802,13.98345,0.00,0.00
2013.06.04 19:40:17.349,13.97961,13.98324,0.00,0.00
2013.06.04 19:40:17.469,13.97933,13.98297,0.00,0.00
2013.06.04 19:40:17.690,13.97852,13.98237,0.00,0.00
2013.06.04 19:40:17.790,13.9792,13.98262,0.00,0.00
2013.06.04 19:40:17.849,13.97932,13.98295,0.00,0.00
2013.06.04 19:40:17.909,13.97932,13.98248,0.00,0.00
2013.06.04 19:40:18.487,13.97852,13.98236,0.00,0.00
2013.06.04 19:40:18.549,13.9792,13.98257,0.00,0.00
2013.06.04 19:40:29.900,13.9792,13.98272,0.00,0.00
2013.06.04 19:40:34.540,13.9792,13.98238,0.00,0.00
2013.06.04 19:40:41.090,13.9792,13.98257,0.00,0.00
2013.06.04 19:40:42.076,13.9792,13.98275,0.00,0.00
2013.06.04 19:40:42.186,13.9792,13.98261,0.00,0.00
2013.06.04 19:40:47.165,13.9792,13.98247,0.00,0.00
2013.06.04 19:40:48.220,13.9797,13.98271,0.00,0.00
2013.06.04 19:40:48.294,13.97948,13.98248,0.00,0.00
2013.06.04 19:40:48.349,13.9797,13.98276,0.00,0.00
2013.06.04 19:40:48.500,13.9797,13.98306,0.00,0.00
2013.06.04 19:40:48.920,13.97948,13.98248,0.00,0.00
2013.06.04 19:40:49.172,13.9799,13.9833,0.00,0.00
2013.06.04 19:40:52.220,13.97947,13.98248,0.00,0.00
2013.06.04 19:40:52.379,13.9802,13.98333,0.00,0.00
2013.06.04 19:40:52.729,13.9802,13.98335,0.00,0.00
2013.06.04 19:40:52.888,13.9802,13.98362,0.00,0.00
2013.06.04 19:40:53.340,13.97948,13.98248,0.00,0.00
2013.06.04 19:40:53.403,13.9802,13.98324,0.00,0.00
2013.06.04 19:40:54.340,13.9802,13.98326,0.00,0.00
2013.06.04 19:40:54.399,13.9802,13.98362,0.00,0.00
2013.06.04 19:40:54.708,13.9802,13.98324,0.00,0.00
2013.06.04 19:40:56.853,13.9797,13.98296,0.00,0.00
2013.06.04 19:40:57.024,13.9797,13.98306,0.00,0.00
2013.06.04 19:40:57.419,13.9797,13.98322,0.00,0.00
2013.06.04 19:41:00.412,13.97852,13.98248,0.00,0.00
2013.06.04 19:41:00.629,13.97944,13.98307,0.00,0.00
2013.06.04 19:41:00.689,13.9792,13.98229,0.00,0.00
2013.06.04 19:41:00.809,13.9792,13.98239,0.00,0.00
2013.06.04 19:41:00.881,13.9792,13.98228,0.00,0.00
2013.06.04 19:41:07.480,13.9792,13.9823,0.00,0.00
2013.06.04 19:41:07.639,13.9792,13.98248,0.00,0.00
2013.06.04 19:41:07.960,13.9792,13.98256,0.00,0.00
2013.06.04 19:41:15.771,13.97852,13.98197,0.00,0.00
2013.06.04 19:41:15.860,13.9792,13.98234,0.00,0.00
2013.06.04 19:41:18.709,13.97752,13.98148,0.00,0.00
2013.06.04 19:41:18.829,13.97846,13.98148,0.00,0.00
2013.06.04 19:41:18.949,13.9782,13.98152,0.00,0.00
2013.06.04 19:41:19.010,13.97836,13.98199,0.00,0.00
2013.06.04 19:41:20.339,13.97752,13.9814,0.00,0.00
2013.06.04 19:41:20.516,13.9782,13.98151,0.00,0.00
2013.06.04 19:41:22.540,13.9782,13.98148,0.00,0.00
2013.06.04 19:41:22.709,13.97841,13.98204,0.00,0.00
2013.06.04 19:41:27.777,13.97752,13.98145,0.00,0.00
2013.06.04 19:41:27.865,13.9782,13.98155,0.00,0.00
2013.06.04 19:41:49.050,13.9782,13.98141,0.00,0.00
2013.06.04 19:41:52.519,13.97752,13.98101,0.00,0.00
2013.06.04 19:42:03.330,13.9782,13.98154,0.00,0.00
2013.06.04 19:42:04.180,13.9787,13.9817,0.00,0.00
2013.06.04 19:42:04.309,13.9787,13.98211,0.00,0.00
2013.06.04 19:42:04.369,13.97885,13.9823,0.00,0.00
2013.06.04 19:42:04.679,13.9792,13.98248,0.00,0.00
2013.06.04 19:42:05.781,13.9797,13.98296,0.00,0.00
2013.06.04 19:42:06.134,13.97948,13.98248,0.00,0.00
2013.06.04 19:42:06.938,13.9797,13.98298,0.00,0.00
2013.06.04 19:42:08.519,13.9797,13.98329,0.00,0.00
2013.06.04 19:42:09.070,13.97992,13.9833,0.00,0.00
2013.06.04 19:42:13.729,13.9797,13.98329,0.00,0.00
2013.06.04 19:42:15.179,13.97939,13.9824,0.00,0.00
2013.06.04 19:42:15.299,13.97947,13.98248,0.00,0.00
2013.06.04 19:42:15.359,13.9792,13.98258,0.00,0.00
2013.06.04 19:42:23.819,13.97848,13.98148,0.00,0.00
2013.06.04 19:42:23.881,13.9787,13.98202,0.00,0.00
2013.06.04 19:42:24.019,13.97887,13.9823,0.00,0.00
2013.06.04 19:42:25.072,13.97848,13.98148,0.00,0.00
2013.06.04 19:42:25.170,13.9787,13.98206,0.00,0.00
2013.06.04 19:42:26.471,13.9787,13.98192,0.00,0.00
2013.06.04 19:42:29.923,13.9797,13.9827,0.00,0.00
2013.06.04 19:42:29.989,13.9788,13.98181,0.00,0.00
2013.06.04 19:42:30.057,13.97943,13.98243,0.00,0.00
2013.06.04 19:42:30.120,13.9797,13.9832,0.00,0.00
2013.06.04 19:42:30.251,13.97993,13.9833,0.00,0.00
2013.06.04 19:42:43.631,13.97948,13.98248,0.00,0.00
2013.06.04 19:42:43.749,13.9797,13.98318,0.00,0.00
2013.06.04 19:42:43.809,13.97847,13.98148,0.00,0.00
2013.06.04 19:42:43.869,13.97879,13.9818,0.00,0.00
2013.06.04 19:42:43.989,13.97884,13.98247,0.00,0.00
2013.06.04 19:42:44.080,13.9782,13.98162,0.00,0.00
2013.06.04 19:43:01.739,13.9782,13.98148,0.00,0.00
2013.06.04 19:43:21.861,13.9782,13.98176,0.00,0.00
2013.06.04 19:43:32.208,13.97752,13.98116,0.00,0.00
2013.06.04 19:43:32.373,13.9782,13.98146,0.00,0.00
2013.06.04 19:43:32.440,13.97752,13.98071,0.00,0.00
2013.06.04 19:43:33.079,13.9777,13.9813,0.00,0.00
2013.06.04 19:43:33.210,13.97752,13.9808,0.00,0.00
2013.06.04 19:43:33.650,13.97882,13.9823,0.00,0.00
2013.06.04 19:43:36.768,13.97882,13.98186,0.00,0.00
2013.06.04 19:43:37.260,13.97752,13.98118,0.00,0.00
2013.06.04 19:43:39.581,13.9782,13.9818,0.00,0.00
2013.06.04 19:43:39.639,13.9791,13.9821,0.00,0.00
2013.06.04 19:43:39.759,13.97909,13.98209,0.00,0.00
2013.06.04 19:43:40.004,13.9792,13.98227,0.00,0.00
2013.06.04 19:43:40.069,13.9792,13.98248,0.00,0.00
2013.06.04 19:43:58.448,13.97848,13.98148,0.00,0.00
2013.06.04 19:43:58.509,13.9792,13.98246,0.00,0.00
2013.06.04 19:43:58.629,13.9782,13.98178,0.00,0.00
2013.06.04 19:43:59.540,13.9782,13.98162,0.00,0.00
2013.06.04 19:44:04.267,13.9797,13.9827,0.00,0.00
2013.06.04 19:44:04.489,13.9792,13.98237,0.00,0.00
2013.06.04 19:44:04.555,13.97929,13.98293,0.00,0.00
2013.06.04 19:44:05.403,13.9792,13.98248,0.00,0.00
2013.06.04 19:44:15.417,13.9792,13.98248,0.00,0.00
2013.06.04 19:44:15.753,13.9787,13.98229,0.00,0.00
2013.06.04 19:44:17.289,13.9787,13.98219,0.00,0.00
2013.06.04 19:44:18.523,13.97892,13.9823,0.00,0.00
2013.06.04 19:44:26.590,13.97882,13.9823,0.00,0.00
2013.06.04 19:44:26.911,13.97844,13.98207,0.00,0.00
2013.06.04 19:44:27.341,13.97834,13.98148,0.00,0.00
2013.06.04 19:44:47.195,13.97841,13.98204,0.00,0.00
2013.06.04 19:44:48.167,13.9792,13.98221,0.00,0.00
2013.06.04 19:44:48.290,13.9792,13.9823,0.00,0.00
2013.06.04 19:44:48.485,13.9792,13.98276,0.00,0.00
2013.06.04 19:44:49.281,13.9792,13.98248,0.00,0.00
2013.06.04 19:44:57.423,13.97884,13.9823,0.00,0.00
2013.06.04 19:45:00.799,13.97913,13.9823,0.00,0.00
2013.06.04 19:45:02.939,13.97942,13.98305,0.00,0.00
2013.06.04 19:45:06.290,13.97924,13.98287,0.00,0.00
2013.06.04 19:45:09.910,13.9802,13.9832,0.00,0.00
2013.06.04 19:45:10.070,13.98008,13.98308,0.00,0.00
2013.06.04 19:45:10.189,13.9802,13.98364,0.00,0.00
2013.06.04 19:45:10.280,13.98039,13.98402,0.00,0.00
2013.06.04 19:45:12.799,13.9802,13.98383,0.00,0.00
2013.06.04 19:45:25.516,13.9812,13.9842,0.00,0.00
2013.06.04 19:45:25.811,13.9822,13.98565,0.00,0.00
2013.06.04 19:45:25.871,13.9831,13.98611,0.00,0.00
2013.06.04 19:45:25.939,13.9832,13.98668,0.00,0.00
2013.06.04 19:45:26.547,13.98248,13.98548,0.00,0.00
2013.06.04 19:45:26.669,13.98228,13.98591,0.00,0.00
2013.06.04 19:45:27.390,13.98238,13.98602,0.00,0.00
2013.06.04 19:45:29.139,13.98228,13.98591,0.00,0.00
2013.06.04 19:45:29.575,13.98238,13.98548,0.00,0.00
2013.06.04 19:45:30.115,13.9827,13.9863,0.00,0.00
2013.06.04 19:45:30.499,13.9827,13.98623,0.00,0.00
2013.06.04 19:45:30.919,13.98276,13.9863,0.00,0.00
2013.06.04 19:45:32.089,13.98287,13.9863,0.00,0.00
2013.06.04 19:45:34.979,13.9827,13.9863,0.00,0.00
2013.06.04 19:45:37.719,13.98287,13.9863,0.00,0.00
2013.06.04 19:45:38.023,13.9827,13.98624,0.00,0.00
2013.06.04 19:45:38.673,13.98277,13.9863,0.00,0.00
2013.06.04 19:45:55.694,13.98248,13.98548,0.00,0.00
2013.06.04 19:45:55.920,13.98248,13.98548,0.00,0.00
2013.06.04 19:45:55.981,13.9822,13.98564,0.00,0.00
2013.06.04 19:46:00.813,13.9822,13.98576,0.00,0.00
2013.06.04 19:46:15.789,13.98183,13.9853,0.00,0.00
2013.06.04 19:46:33.329,13.9822,13.98576,0.00,0.00
2013.06.04 19:46:33.859,13.9827,13.98598,0.00,0.00
2013.06.04 19:46:34.200,13.98287,13.9863,0.00,0.00
2013.06.04 19:46:34.613,13.98299,13.9863,0.00,0.00
2013.06.04 19:46:35.240,13.9832,13.9868,0.00,0.00
2013.06.04 19:46:35.654,13.98397,13.9873,0.00,0.00
2013.06.04 19:46:41.749,13.9842,13.9878,0.00,0.00
2013.06.04 19:46:44.109,13.98348,13.98648,0.00,0.00
2013.06.04 19:46:44.169,13.98393,13.98756,0.00,0.00
2013.06.04 19:46:44.339,13.98271,13.9863,0.00,0.00
2013.06.04 19:46:46.775,13.9837,13.98671,0.00,0.00
2013.06.04 19:46:46.829,13.98348,13.98648,0.00,0.00
2013.06.04 19:46:46.996,13.9837,13.98673,0.00,0.00
2013.06.04 19:46:47.110,13.9837,13.9873,0.00,0.00
2013.06.04 19:46:49.359,13.98385,13.9873,0.00,0.00
2013.06.04 19:46:50.328,13.98348,13.98648,0.00,0.00
2013.06.04 19:46:50.489,13.9837,13.98712,0.00,0.00
2013.06.04 19:46:55.231,13.9837,13.98714,0.00,0.00
2013.06.04 19:46:55.289,13.98377,13.9873,0.00,0.00
2013.06.04 19:46:56.710,13.98382,13.9873,0.00,0.00
2013.06.04 19:46:57.529,13.98401,13.9873,0.00,0.00
2013.06.04 19:47:04.902,13.98389,13.9869,0.00,0.00
2013.06.04 19:47:05.029,13.9832,13.98666,0.00,0.00
2013.06.04 19:47:05.089,13.9832,13.98647,0.00,0.00
2013.06.04 19:47:05.546,13.9827,13.9863,0.00,0.00
2013.06.04 19:47:05.850,13.98281,13.9863,0.00,0.00
2013.06.04 19:47:11.140,13.98248,13.98548,0.00,0.00
2013.06.04 19:47:11.290,13.98222,13.98586,0.00,0.00
2013.06.04 19:47:11.929,13.98252,13.9858,0.00,0.00
2013.06.04 19:47:12.230,13.9837,13.98711,0.00,0.00
2013.06.04 19:47:13.187,13.98383,13.9873,0.00,0.00
2013.06.04 19:47:18.281,13.9837,13.9872,0.00,0.00
2013.06.04 19:47:18.931,13.98348,13.98648,0.00,0.00
2013.06.04 19:47:23.539,13.9832,13.9867,0.00,0.00
2013.06.04 19:47:32.579,13.98295,13.9863,0.00,0.00
2013.06.04 19:47:42.849,13.9837,13.9867,0.00,0.00
2013.06.04 19:47:43.000,13.9837,13.98686,0.00,0.00
2013.06.04 19:47:43.060,13.9837,13.98704,0.00,0.00
2013.06.04 19:47:47.252,13.9842,13.98721,0.00,0.00
2013.06.04 19:47:47.570,13.98352,13.98685,0.00,0.00
2013.06.04 19:47:48.572,13.9837,13.98726,0.00,0.00
2013.06.04 19:48:09.231,13.9837,13.9873,0.00,0.00
2013.06.04 19:48:10.440,13.9837,13.9873,0.00,0.00
2013.06.04 19:48:10.559,13.9842,13.98748,0.00,0.00
2013.06.04 19:48:12.991,13.98352,13.98723,0.00,0.00
2013.06.04 19:48:13.259,13.9842,13.98745,0.00,0.00
2013.06.04 19:48:15.431,13.9842,13.98747,0.00,0.00
2013.06.04 19:48:15.589,13.9842,13.98776,0.00,0.00
2013.06.04 19:48:15.921,13.98437,13.988,0.00,0.00
2013.06.04 19:48:16.563,13.98352,13.98741,0.00,0.00
2013.06.04 19:48:16.661,13.9842,13.98762,0.00,0.00
2013.06.04 19:48:16.963,13.9842,13.98748,0.00,0.00
2013.06.04 19:48:17.030,13.98437,13.988,0.00,0.00
2013.06.04 19:48:17.988,13.98352,13.98741,0.00,0.00
2013.06.04 19:48:18.170,13.9842,13.98766,0.00,0.00
2013.06.04 19:48:19.200,13.9842,13.98782,0.00,0.00
2013.06.04 19:48:19.697,13.9842,13.98762,0.00,0.00
2013.06.04 19:48:21.800,13.98341,13.98704,0.00,0.00
2013.06.04 19:48:35.070,13.9837,13.98732,0.00,0.00
2013.06.04 19:48:39.111,13.9837,13.98722,0.00,0.00
2013.06.04 19:48:42.931,13.9837,13.98724,0.00,0.00
2013.06.04 19:48:42.990,13.98392,13.9873,0.00,0.00
2013.06.04 19:48:53.881,13.9842,13.9877,0.00,0.00
2013.06.04 19:48:56.940,13.9842,13.98783,0.00,0.00
2013.06.04 19:49:11.243,13.98438,13.98802,0.00,0.00
2013.06.04 19:49:13.990,13.9843,13.9873,0.00,0.00
2013.06.04 19:49:14.110,13.98339,13.9868,0.00,0.00
2013.06.04 19:49:14.550,13.9837,13.98716,0.00,0.00
2013.06.04 19:49:15.033,13.98387,13.9873,0.00,0.00
2013.06.04 19:49:15.980,13.9837,13.9873,0.00,0.00
2013.06.04 19:49:16.345,13.98347,13.98648,0.00,0.00
2013.06.04 19:49:30.169,13.98349,13.98712,0.00,0.00
2013.06.04 19:49:33.171,13.9837,13.9873,0.00,0.00
2013.06.04 19:49:34.569,13.9837,13.9873,0.00,0.00
2013.06.04 19:49:34.640,13.98391,13.9873,0.00,0.00
2013.06.04 19:49:38.090,13.9842,13.98778,0.00,0.00
2013.06.04 19:49:58.269,13.9842,13.98781,0.00,0.00
2013.06.04 19:50:00.310,13.98442,13.98805,0.00,0.00
2013.06.04 19:50:07.951,13.9847,13.98788,0.00,0.00
2013.06.04 19:50:08.278,13.9847,13.98829,0.00,0.00
2013.06.04 19:50:11.840,13.9847,13.988,0.00,0.00
2013.06.04 19:50:12.430,13.9847,13.98813,0.00,0.00
2013.06.04 19:50:15.511,13.9847,13.98815,0.00,0.00
2013.06.04 19:50:15.575,13.98492,13.9883,0.00,0.00
2013.06.04 19:50:16.345,13.98473,13.9883,0.00,0.00
2013.06.04 19:50:18.210,13.98491,13.9883,0.00,0.00
2013.06.04 19:50:31.291,13.98479,13.9883,0.00,0.00
2013.06.04 19:50:32.491,13.9847,13.98819,0.00,0.00
2013.06.04 19:50:33.140,13.9847,13.9883,0.00,0.00
2013.06.04 19:50:33.960,13.98491,13.9883,0.00,0.00
2013.06.04 19:50:39.077,13.98452,13.98795,0.00,0.00
2013.06.04 19:50:39.270,13.98452,13.98778,0.00,0.00
2013.06.04 19:50:42.277,13.98452,13.9878,0.00,0.00
2013.06.04 19:50:42.760,13.9847,13.98808,0.00,0.00
2013.06.04 19:50:43.121,13.98491,13.9883,0.00,0.00
2013.06.04 19:50:53.680,13.9852,13.98868,0.00,0.00
2013.06.04 19:50:56.560,13.98483,13.9883,0.00,0.00
2013.06.04 19:50:56.870,13.9847,13.98782,0.00,0.00
2013.06.04 19:50:57.261,13.9847,13.9883,0.00,0.00
2013.06.04 19:50:57.865,13.98493,13.9883,0.00,0.00
2013.06.04 19:51:02.553,13.9847,13.98801,0.00,0.00
2013.06.04 19:51:10.211,13.9852,13.98821,0.00,0.00
2013.06.04 19:51:10.400,13.98541,13.98904,0.00,0.00
2013.06.04 19:51:11.421,13.9858,13.9893,0.00,0.00
2013.06.04 19:51:16.550,13.98548,13.98848,0.00,0.00
2013.06.04 19:51:16.610,13.9857,13.98925,0.00,0.00
2013.06.04 19:51:19.720,13.98533,13.98897,0.00,0.00
2013.06.04 19:51:38.477,13.98448,13.98748,0.00,0.00
2013.06.04 19:51:38.720,13.98421,13.98784,0.00,0.00
2013.06.04 19:51:38.780,13.9842,13.98756,0.00,0.00
2013.06.04 19:51:42.711,13.9842,13.98732,0.00,0.00
2013.06.04 19:51:43.070,13.98447,13.98748,0.00,0.00
2013.06.04 19:51:44.359,13.98447,13.98748,0.00,0.00
2013.06.04 19:51:46.160,13.98479,13.9878,0.00,0.00
2013.06.04 19:51:46.340,13.9852,13.98854,0.00,0.00
2013.06.04 19:51:52.741,13.9852,13.98874,0.00,0.00
2013.06.04 19:51:53.360,13.9852,13.98848,0.00,0.00
2013.06.04 19:51:53.451,13.98541,13.98904,0.00,0.00
2013.06.04 19:51:54.084,13.98521,13.98884,0.00,0.00
2013.06.04 19:52:00.022,13.9861,13.98911,0.00,0.00
2013.06.04 19:52:00.080,13.9857,13.98887,0.00,0.00
2013.06.04 19:52:00.140,13.9857,13.98916,0.00,0.00
2013.06.04 19:52:00.461,13.9857,13.9893,0.00,0.00
2013.06.04 19:52:00.810,13.98547,13.98848,0.00,0.00
2013.06.04 19:52:00.870,13.9857,13.9893,0.00,0.00
2013.06.04 19:52:00.939,13.9857,13.98897,0.00,0.00
2013.06.04 19:52:01.302,13.9857,13.9893,0.00,0.00
2013.06.04 19:52:04.700,13.9857,13.98924,0.00,0.00
2013.06.04 19:52:07.440,13.9857,13.9893,0.00,0.00
2013.06.04 19:52:09.194,13.9872,13.9902,0.00,0.00
2013.06.04 19:52:09.260,13.9864,13.98948,0.00,0.00
2013.06.04 19:52:09.450,13.9872,13.99051,0.00,0.00
2013.06.04 19:52:09.845,13.98652,13.99011,0.00,0.00
2013.06.04 19:52:27.087,13.9872,13.99048,0.00,0.00
2013.06.04 19:52:27.253,13.9872,13.99076,0.00,0.00
2013.06.04 19:52:33.600,13.98723,13.99086,0.00,0.00
2013.06.04 19:52:34.621,13.98774,13.9913,0.00,0.00
2013.06.04 19:52:35.278,13.98748,13.99048,0.00,0.00
2013.06.04 19:52:35.440,13.9877,13.99104,0.00,0.00
2013.06.04 19:52:36.350,13.98802,13.99106,0.00,0.00
2013.06.04 19:52:36.410,13.98822,13.99186,0.00,0.00
2013.06.04 19:52:41.902,13.9881,13.99148,0.00,0.00
2013.06.04 19:52:42.329,13.9881,13.99166,0.00,0.00
2013.06.04 19:52:46.271,13.98817,13.99148,0.00,0.00
2013.06.04 19:52:47.860,13.9886,13.99197,0.00,0.00
2013.06.04 19:52:48.180,13.9888,13.9923,0.00,0.00
2013.06.04 19:52:49.161,13.9891,13.9926,0.00,0.00
2013.06.04 19:52:50.092,13.9891,13.99248,0.00,0.00
2013.06.04 19:52:52.017,13.9891,13.99274,0.00,0.00
2013.06.04 19:52:53.471,13.9896,13.99293,0.00,0.00
2013.06.04 19:52:59.610,13.9891,13.99262,0.00,0.00
2013.06.04 19:53:04.270,13.9889,13.9919,0.00,0.00
2013.06.04 19:53:04.480,13.98839,13.99202,0.00,0.00
2013.06.04 19:53:04.563,13.9881,13.99158,0.00,0.00
2013.06.04 19:53:15.492,13.9886,13.9916,0.00,0.00
2013.06.04 19:53:15.611,13.9886,13.99179,0.00,0.00
2013.06.04 19:53:15.800,13.98871,13.9923,0.00,0.00
2013.06.04 19:53:16.211,13.9886,13.99208,0.00,0.00
2013.06.04 19:53:17.030,13.98861,13.99227,0.00,0.00
2013.06.04 19:53:18.519,13.98848,13.99148,0.00,0.00
2013.06.04 19:53:18.700,13.9881,13.99137,0.00,0.00
2013.06.04 19:53:19.174,13.9881,13.99154,0.00,0.00
2013.06.04 19:53:22.560,13.9886,13.9916,0.00,0.00
2013.06.04 19:53:22.620,13.9886,13.99186,0.00,0.00
2013.06.04 19:53:22.859,13.989,13.992,0.00,0.00
2013.06.04 19:53:22.920,13.9891,13.99254,0.00,0.00
2013.06.04 19:53:22.980,13.9891,13.99271,0.00,0.00
2013.06.04 19:53:26.731,13.98887,13.9923,0.00,0.00
2013.06.04 19:53:31.231,13.9891,13.99274,0.00,0.00
2013.06.04 19:53:31.870,13.9896,13.99301,0.00,0.00
2013.06.04 19:53:32.202,13.9896,13.99313,0.00,0.00
2013.06.04 19:53:32.511,13.98966,13.9933,0.00,0.00
2013.06.04 19:53:37.740,13.9896,13.99291,0.00,0.00
2013.06.04 19:53:41.810,13.98878,13.9923,0.00,0.00
2013.06.04 19:53:43.118,13.9896,13.9926,0.00,0.00
2013.06.04 19:53:43.324,13.9896,13.993,0.00,0.00
2013.06.04 19:53:43.442,13.99,13.993,0.00,0.00
2013.06.04 19:53:43.500,13.9901,13.9933,0.00,0.00
2013.06.04 19:53:44.039,13.9901,13.99344,0.00,0.00
2013.06.04 19:53:44.561,13.99052,13.99378,0.00,0.00
2013.06.04 19:53:53.152,13.9906,13.99393,0.00,0.00
2013.06.04 19:53:53.723,13.9906,13.99422,0.00,0.00
2013.06.04 19:54:00.840,13.9911,13.99458,0.00,0.00
2013.06.04 19:54:02.320,13.9911,13.99442,0.00,0.00
2013.06.04 19:54:05.060,13.9911,13.99464,0.00,0.00
2013.06.04 19:54:14.376,13.9911,13.9945,0.00,0.00
2013.06.04 19:54:15.148,13.9921,13.9951,0.00,0.00
2013.06.04 19:54:15.350,13.9921,13.99539,0.00,0.00
2013.06.04 19:54:15.457,13.99223,13.99586,0.00,0.00
2013.06.04 19:54:27.413,13.99352,13.99652,0.00,0.00
2013.06.04 19:54:27.590,13.9941,13.99713,0.00,0.00
2013.06.04 19:54:27.650,13.99427,13.99748,0.00,0.00
2013.06.04 19:54:28.381,13.99466,13.9983,0.00,0.00
2013.06.04 19:54:33.801,13.9951,13.99848,0.00,0.00
2013.06.04 19:54:34.871,13.9951,13.99866,0.00,0.00
2013.06.04 19:54:35.311,13.9951,13.99819,0.00,0.00
2013.06.04 19:54:35.751,13.995,13.99804,0.00,0.00
2013.06.04 19:54:36.110,13.99493,13.99793,0.00,0.00
2013.06.04 19:54:39.628,13.9946,13.99793,0.00,0.00
2013.06.04 19:54:40.038,13.99452,13.99769,0.00,0.00
2013.06.04 19:54:40.360,13.994,13.99701,0.00,0.00
2013.06.04 19:54:45.289,13.9941,13.99748,0.00,0.00
2013.06.04 19:54:46.340,13.9941,13.99748,0.00,0.00
2013.06.04 19:54:50.509,13.99148,13.99593,0.00,0.00
2013.06.04 19:54:50.661,13.99273,13.9958,0.00,0.00
2013.06.04 19:54:50.800,13.9911,13.9945,0.00,0.00
2013.06.04 19:54:54.220,13.9911,13.99464,0.00,0.00
2013.06.04 19:54:55.641,13.9911,13.99448,0.00,0.00
2013.06.04 19:54:57.632,13.9911,13.99448,0.00,0.00
2013.06.04 19:54:57.918,13.9911,13.99448,0.00,0.00
2013.06.04 19:54:58.063,13.9911,13.9948,0.00,0.00
2013.06.04 19:55:00.112,13.9911,13.99448,0.00,0.00
2013.06.04 19:55:00.270,13.9906,13.9943,0.00,0.00
2013.06.04 19:55:04.372,13.9906,13.9943,0.00,0.00
2013.06.04 19:55:04.748,13.9911,13.99448,0.00,0.00
2013.06.04 19:55:04.914,13.9911,13.99448,0.00,0.00
2013.06.04 19:55:20.257,13.99052,13.9938,0.00,0.00
2013.06.04 19:55:20.480,13.9891,13.99248,0.00,0.00
2013.06.04 19:55:20.600,13.9891,13.99248,0.00,0.00
2013.06.04 19:55:20.921,13.9886,13.9923,0.00,0.00
2013.06.04 19:55:21.100,13.9886,13.9923,0.00,0.00
2013.06.04 19:55:21.611,13.98847,13.99148,0.00,0.00
2013.06.04 19:55:21.679,13.98848,13.99148,0.00,0.00
2013.06.04 19:55:22.347,13.9881,13.99148,0.00,0.00
2013.06.04 19:55:22.540,13.9881,13.99148,0.00,0.00
2013.06.04 19:55:22.701,13.98801,13.99143,0.00,0.00
2013.06.04 19:55:26.272,13.98852,13.9918,0.00,0.00
2013.06.04 19:55:26.330,13.9891,13.99243,0.00,0.00
2013.06.04 19:55:26.390,13.9891,13.99248,0.00,0.00
2013.06.04 19:55:26.511,13.9891,13.99248,0.00,0.00
2013.06.04 19:55:27.062,13.9891,13.99248,0.00,0.00
2013.06.04 19:55:29.198,13.9891,13.99248,0.00,0.00
2013.06.04 19:55:34.457,13.9901,13.99311,0.00,0.00
2013.06.04 19:55:34.521,13.9901,13.99335,0.00,0.00
2013.06.04 19:55:34.640,13.9901,13.99339,0.00,0.00
2013.06.04 19:55:34.977,13.98947,13.99248,0.00,0.00
2013.06.04 19:55:35.100,13.9896,13.9932,0.00,0.00
2013.06.04 19:55:36.605,13.9896,13.99322,0.00,0.00
2013.06.04 19:55:36.791,13.98995,13.9933,0.00,0.00
2013.06.04 19:55:39.871,13.991,13.99401,0.00,0.00
2013.06.04 19:55:40.070,13.9911,13.99424,0.00,0.00
2013.06.04 19:55:40.130,13.9911,13.99463,0.00,0.00
2013.06.04 19:55:40.511,13.9911,13.99444,0.00,0.00
2013.06.04 19:55:41.168,13.9921,13.99511,0.00,0.00
2013.06.04 19:55:41.350,13.99161,13.99465,0.00,0.00
2013.06.04 19:55:41.414,13.9921,13.99522,0.00,0.00
2013.06.04 19:55:41.530,13.99214,13.99548,0.00,0.00
2013.06.04 19:55:59.770,13.99169,13.9953,0.00,0.00
2013.06.04 19:56:00.110,13.9916,13.99506,0.00,0.00
2013.06.04 19:56:01.168,13.99179,13.9953,0.00,0.00
2013.06.04 19:56:01.520,13.99188,13.9953,0.00,0.00
2013.06.04 19:56:05.389,13.9921,13.99548,0.00,0.00
2013.06.04 19:56:10.945,13.9926,13.99592,0.00,0.00
2013.06.04 19:56:11.260,13.9921,13.99548,0.00,0.00
2013.06.04 19:56:13.861,13.99227,13.9959,0.00,0.00
2013.06.04 19:56:18.083,13.99238,13.99602,0.00,0.00
2013.06.04 19:56:18.590,13.99219,13.99583,0.00,0.00
2013.06.04 19:56:20.676,13.99238,13.99602,0.00,0.00
2013.06.04 19:56:22.281,13.9926,13.99623,0.00,0.00
2013.06.04 19:56:24.141,13.99267,13.9963,0.00,0.00
2013.06.04 19:56:25.794,13.9926,13.99623,0.00,0.00
2013.06.04 19:56:26.171,13.99267,13.9963,0.00,0.00
2013.06.04 19:56:27.953,13.9931,13.99666,0.00,0.00
2013.06.04 19:56:29.210,13.9931,13.99641,0.00,0.00
2013.06.04 19:56:30.400,13.9935,13.99651,0.00,0.00
2013.06.04 19:56:30.520,13.9936,13.99679,0.00,0.00
2013.06.04 19:56:30.702,13.99381,13.9973,0.00,0.00
2013.06.04 19:56:32.036,13.99379,13.9968,0.00,0.00
2013.06.04 19:56:32.251,13.9931,13.99631,0.00,0.00
2013.06.04 19:56:33.392,13.9931,13.99645,0.00,0.00
2013.06.04 19:56:33.791,13.9931,13.99648,0.00,0.00
2013.06.04 19:56:34.360,13.994,13.997,0.00,0.00
2013.06.04 19:56:34.431,13.99397,13.99697,0.00,0.00
2013.06.04 19:56:34.491,13.9941,13.99752,0.00,0.00
2013.06.04 19:56:43.241,13.99389,13.9969,0.00,0.00
2013.06.04 19:56:43.421,13.99352,13.99668,0.00,0.00
2013.06.04 19:56:47.090,13.99379,13.9973,0.00,0.00
2013.06.04 19:56:55.370,13.9955,13.9985,0.00,0.00
2013.06.04 19:56:55.451,13.995,13.99801,0.00,0.00
2013.06.04 19:56:55.580,13.9951,13.99853,0.00,0.00
2013.06.04 19:57:05.125,13.9961,13.9991,0.00,0.00
2013.06.04 19:57:05.350,13.9961,13.99934,0.00,0.00
2013.06.04 19:57:05.444,13.99626,13.99989,0.00,0.00
2013.06.04 19:57:11.553,13.99548,13.99848,0.00,0.00
2013.06.04 19:57:11.680,13.99548,13.99848,0.00,0.00
2013.06.04 19:57:11.811,13.9951,13.99823,0.00,0.00
2013.06.04 19:57:11.987,13.99503,13.99807,0.00,0.00
2013.06.04 19:57:12.053,13.99452,13.9978,0.00,0.00
2013.06.04 19:57:12.111,13.99412,13.99778,0.00,0.00
2013.06.04 19:57:12.775,13.9941,13.99759,0.00,0.00
2013.06.04 19:57:13.131,13.99412,13.99778,0.00,0.00
2013.06.04 19:57:14.312,13.9941,13.99756,0.00,0.00
2013.06.04 19:57:14.792,13.99412,13.99748,0.00,0.00
2013.06.04 19:57:17.490,13.9951,13.99811,0.00,0.00
2013.06.04 19:57:17.601,13.99503,13.99804,0.00,0.00
2013.06.04 19:57:19.026,13.99491,13.99792,0.00,0.00
2013.06.04 19:57:20.085,13.9956,13.9986,0.00,0.00
2013.06.04 19:57:20.231,13.9951,13.9981,0.00,0.00
2013.06.04 19:57:28.445,13.9946,13.9976,0.00,0.00
2013.06.04 19:57:28.560,13.9946,13.99764,0.00,0.00
2013.06.04 19:57:31.788,13.9946,13.99776,0.00,0.00
2013.06.04 19:57:36.216,13.9941,13.99758,0.00,0.00
2013.06.04 19:57:41.122,13.9941,13.99748,0.00,0.00
2013.06.04 19:57:43.310,13.9941,13.99758,0.00,0.00
2013.06.04 19:57:46.264,13.9941,13.99748,0.00,0.00
2013.06.04 19:57:57.920,13.9941,13.99756,0.00,0.00
2013.06.04 19:58:00.591,13.99411,13.99748,0.00,0.00
2013.06.04 19:58:01.411,13.9941,13.99756,0.00,0.00
2013.06.04 19:58:02.411,13.9941,13.99766,0.00,0.00
2013.06.04 19:58:06.441,13.9941,13.99748,0.00,0.00
2013.06.04 19:58:10.371,13.99348,13.99648,0.00,0.00
2013.06.04 19:58:10.462,13.9941,13.99737,0.00,0.00
2013.06.04 19:58:10.671,13.99313,13.99648,0.00,0.00
2013.06.04 19:58:10.731,13.9931,13.9965,0.00,0.00
2013.06.04 19:58:13.441,13.9936,13.9967,0.00,0.00
2013.06.04 19:58:13.891,13.9931,13.99648,0.00,0.00
2013.06.04 19:58:16.295,13.9936,13.9966,0.00,0.00
2013.06.04 19:58:16.601,13.9936,13.9967,0.00,0.00
2013.06.04 19:58:16.661,13.9936,13.99719,0.00,0.00
2013.06.04 19:58:20.271,13.99347,13.99648,0.00,0.00
2013.06.04 19:58:20.391,13.9931,13.99639,0.00,0.00
2013.06.04 19:58:22.627,13.99248,13.99548,0.00,0.00
2013.06.04 19:58:22.690,13.99256,13.9958,0.00,0.00
2013.06.04 19:58:22.810,13.99218,13.99581,0.00,0.00
2013.06.04 19:58:22.892,13.9921,13.99562,0.00,0.00
2013.06.04 19:58:23.301,13.99213,13.99548,0.00,0.00
2013.06.04 19:58:23.821,13.993,13.99601,0.00,0.00
2013.06.04 19:58:23.881,13.9931,13.99613,0.00,0.00
2013.06.04 19:58:23.991,13.9931,13.99648,0.00,0.00
2013.06.04 19:58:25.064,13.9931,13.99633,0.00,0.00
2013.06.04 19:58:26.255,13.9931,13.9965,0.00,0.00
2013.06.04 19:58:26.581,13.9931,13.99638,0.00,0.00
2013.06.04 19:58:26.910,13.99219,13.99548,0.00,0.00
2013.06.04 19:58:27.401,13.9921,13.99548,0.00,0.00
2013.06.04 19:58:28.691,13.99219,13.99583,0.00,0.00
2013.06.04 19:58:29.280,13.99191,13.9953,0.00,0.00
2013.06.04 19:58:29.622,13.99141,13.9948,0.00,0.00
2013.06.04 19:58:30.043,13.9911,13.99448,0.00,0.00
2013.06.04 19:58:30.990,13.99062,13.99428,0.00,0.00
2013.06.04 19:58:31.567,13.99047,13.99348,0.00,0.00
2013.06.04 19:58:31.692,13.9906,13.99396,0.00,0.00
2013.06.04 19:58:32.134,13.99024,13.99387,0.00,0.00
2013.06.04 19:58:32.502,13.98952,13.99317,0.00,0.00
2013.06.04 19:58:32.761,13.9901,13.99349,0.00,0.00
2013.06.04 19:58:32.820,13.9901,13.99348,0.00,0.00
2013.06.04 19:58:32.961,13.99023,13.99386,0.00,0.00
2013.06.04 19:58:33.304,13.98952,13.99288,0.00,0.00
2013.06.04 19:58:33.625,13.9901,13.99348,0.00,0.00
2013.06.04 19:58:33.844,13.99019,13.99383,0.00,0.00
2013.06.04 19:58:34.181,13.99023,13.99348,0.00,0.00
2013.06.04 19:58:35.881,13.98848,13.99148,0.00,0.00
2013.06.04 19:58:36.001,13.98984,13.99347,0.00,0.00
2013.06.04 19:58:36.067,13.98872,13.99174,0.00,0.00
2013.06.04 19:58:36.132,13.9881,13.99148,0.00,0.00
2013.06.04 19:58:37.221,13.98852,13.99168,0.00,0.00
2013.06.04 19:58:37.601,13.9881,13.99164,0.00,0.00
2013.06.04 19:58:39.182,13.98816,13.99148,0.00,0.00
2013.06.04 19:58:41.210,13.9881,13.9916,0.00,0.00
2013.06.04 19:58:42.201,13.9886,13.9918,0.00,0.00
2013.06.04 19:58:42.541,13.9881,13.9916,0.00,0.00
2013.06.04 19:58:45.579,13.98816,13.99148,0.00,0.00
2013.06.04 19:58:45.961,13.9886,13.99208,0.00,0.00
2013.06.04 19:58:48.929,13.9886,13.99178,0.00,0.00
2013.06.04 19:58:51.605,13.98747,13.99048,0.00,0.00
2013.06.04 19:58:52.011,13.98748,13.99048,0.00,0.00
2013.06.04 19:58:52.098,13.9881,13.9916,0.00,0.00
2013.06.04 19:58:52.325,13.9881,13.99131,0.00,0.00
2013.06.04 19:58:55.222,13.9881,13.99133,0.00,0.00
2013.06.04 19:58:55.387,13.9881,13.99162,0.00,0.00
2013.06.04 19:58:55.701,13.9881,13.99133,0.00,0.00
2013.06.04 19:58:56.037,13.98852,13.99153,0.00,0.00
2013.06.04 19:58:56.091,13.9895,13.99251,0.00,0.00
2013.06.04 19:58:56.161,13.9896,13.99309,0.00,0.00
2013.06.04 19:58:56.372,13.98913,13.9928,0.00,0.00
2013.06.04 19:58:56.731,13.9891,13.99258,0.00,0.00
2013.06.04 19:58:57.074,13.9896,13.9926,0.00,0.00
2013.06.04 19:58:57.201,13.98991,13.9933,0.00,0.00
2013.06.04 19:58:57.391,13.98948,13.99248,0.00,0.00
2013.06.04 19:58:57.566,13.9896,13.9932,0.00,0.00
2013.06.04 19:58:57.992,13.9896,13.99322,0.00,0.00
2013.06.04 19:58:58.065,13.98986,13.9933,0.00,0.00
2013.06.04 19:58:58.398,13.98948,13.99248,0.00,0.00
2013.06.04 19:59:00.281,13.9901,13.99322,0.00,0.00
2013.06.04 19:59:00.342,13.9901,13.9936,0.00,0.00
2013.06.04 19:59:00.751,13.98984,13.9933,0.00,0.00
2013.06.04 19:59:01.062,13.9901,13.99321,0.00,0.00
2013.06.04 19:59:01.421,13.9901,13.99325,0.00,0.00
2013.06.04 19:59:01.541,13.99013,13.99348,0.00,0.00
2013.06.04 19:59:02.041,13.98948,13.99248,0.00,0.00
2013.06.04 19:59:02.114,13.9896,13.9929,0.00,0.00
2013.06.04 19:59:02.171,13.9896,13.9932,0.00,0.00
2013.06.04 19:59:02.362,13.98985,13.99289,0.00,0.00
2013.06.04 19:59:02.422,13.9901,13.99348,0.00,0.00
2013.06.04 19:59:02.541,13.99013,13.99348,0.00,0.00
2013.06.04 19:59:02.891,13.98947,13.99248,0.00,0.00
2013.06.04 19:59:03.021,13.98956,13.99319,0.00,0.00
2013.06.04 19:59:03.081,13.98936,13.9928,0.00,0.00
2013.06.04 19:59:06.221,13.98917,13.99248,0.00,0.00
2013.06.04 19:59:06.660,13.98852,13.99221,0.00,0.00
2013.06.04 19:59:12.471,13.9896,13.99266,0.00,0.00
2013.06.04 19:59:12.531,13.9891,13.99271,0.00,0.00
2013.06.04 19:59:13.482,13.9901,13.9931,0.00,0.00
2013.06.04 19:59:13.558,13.99,13.99301,0.00,0.00
2013.06.04 19:59:13.621,13.9901,13.99312,0.00,0.00
2013.06.04 19:59:13.732,13.9901,13.99364,0.00,0.00
2013.06.04 19:59:14.861,13.9906,13.99386,0.00,0.00
2013.06.04 19:59:15.200,13.9906,13.99425,0.00,0.00
2013.06.04 19:59:16.670,13.99079,13.9943,0.00,0.00
2013.06.04 19:59:17.930,13.9906,13.99425,0.00,0.00
2013.06.04 19:59:21.792,13.99077,13.9943,0.00,0.00
2013.06.04 19:59:22.135,13.9911,13.99431,0.00,0.00
2013.06.04 19:59:22.491,13.9916,13.9946,0.00,0.00
2013.06.04 19:59:22.550,13.9916,13.99471,0.00,0.00
2013.06.04 19:59:22.610,13.992,13.99501,0.00,0.00
2013.06.04 19:59:22.670,13.99205,13.99509,0.00,0.00
2013.06.04 19:59:22.730,13.9921,13.99529,0.00,0.00
2013.06.04 19:59:23.051,13.9921,13.9951,0.00,0.00
2013.06.04 19:59:23.652,13.9921,13.99511,0.00,0.00
2013.06.04 19:59:25.670,13.9921,13.9957,0.00,0.00
2013.06.04 19:59:27.681,13.993,13.99601,0.00,0.00
2013.06.04 19:59:27.741,13.99277,13.99577,0.00,0.00
2013.06.04 19:59:27.851,13.99297,13.99597,0.00,0.00
2013.06.04 19:59:28.890,13.99231,13.9958,0.00,0.00
2013.06.04 19:59:29.011,13.99189,13.9949,0.00,0.00
2013.06.04 19:59:29.071,13.9911,13.99473,0.00,0.00
2013.06.04 19:59:29.132,13.9911,13.99474,0.00,0.00
2013.06.04 19:59:29.580,13.9911,13.9948,0.00,0.00
2013.06.04 19:59:31.261,13.9911,13.9942,0.00,0.00
2013.06.04 19:59:33.411,13.9906,13.99386,0.00,0.00
2013.06.04 19:59:34.208,13.99037,13.99337,0.00,0.00
2013.06.04 19:59:34.431,13.9906,13.9941,0.00,0.00
2013.06.04 19:59:35.571,13.9901,13.99376,0.00,0.00
2013.06.04 19:59:36.114,13.9901,13.99337,0.00,0.00
2013.06.04 19:59:40.090,13.9901,13.99348,0.00,0.00
2013.06.04 19:59:40.591,13.9896,13.9928,0.00,0.00
2013.06.04 19:59:40.961,13.98924,13.99248,0.00,0.00
2013.06.04 19:59:41.291,13.9891,13.99248,0.00,0.00
2013.06.04 19:59:41.640,13.9906,13.99425,0.00,0.00
2013.06.04 19:59:41.990,13.99045,13.9938,0.00,0.00
2013.06.04 19:59:42.330,13.9901,13.99361,0.00,0.00
2013.06.04 19:59:45.761,13.98989,13.9929,0.00,0.00
2013.06.04 19:59:45.881,13.98954,13.9928,0.00,0.00
2013.06.04 19:59:45.942,13.98935,13.9928,0.00,0.00
2013.06.04 19:59:46.259,13.98915,13.9928,0.00,0.00
2013.06.04 19:59:48.782,13.98928,13.9928,0.00,0.00
2013.06.04 19:59:50.441,13.98812,13.99148,0.00,0.00
2013.06.04 19:59:52.962,13.99016,13.99379,0.00,0.00
2013.06.04 19:59:55.300,13.98748,13.99132,0.00,0.00
2013.06.04 19:59:55.421,13.98968,13.99296,0.00,0.00
2013.06.04 19:59:55.491,13.98916,13.99279,0.00,0.00
2013.06.04 19:59:55.821,13.9873,13.9903,0.00,0.00
2013.06.04 19:59:56.073,13.98856,13.99219,0.00,0.00
2013.06.04 19:59:56.141,13.98816,13.99179,0.00,0.00
2013.06.04 19:59:59.361,13.98836,13.99199,0.00,0.00
2013.06.04 19:59:59.551,13.98916,13.99279,0.00,0.00
